Date.and.Time..UTC.,Receiver,Transmitter,Transmitter.Name,Transmitter.Serial,Sensor.Value,Sensor.Unit,Station.Name,Latitude,Longitude,Transmitter.Type,Sensor.Precision
2016-09-16 17:15:25,VR2W-113881,A69-1601-27071,,NA,,,WCO_Valley,33.97822,-119.66998,NA,NA
2016-09-16 17:16:05,VR2W-113881,A69-1601-27071,,NA,,,WCO_Valley,33.97822,-119.66998,NA,NA
2016-09-16 17:16:51,VR2W-113881,A69-1601-27071,,NA,,,WCO_Valley,33.97822,-119.66998,NA,NA
2016-09-16 17:19:17,VR2W-113881,A69-1601-27071,,NA,,,WCO_Valley,33.97822,-119.66998,NA,NA
2016-09-17 13:43:04,VR2W-111372,A69-1601-27071,,NA,,,WCO_Winfield Scott,34.00868,-119.39558,NA,NA
2016-09-17 13:44:19,VR2W-111372,A69-1601-27071,,NA,,,WCO_Winfield Scott,34.00868,-119.39558,NA,NA
2016-09-17 13:47:43,VR2W-111372,A69-1601-27071,,NA,,,WCO_Winfield Scott,34.00868,-119.39558,NA,NA
2016-09-17 14:00:06,VR2W-111372,A69-1601-27071,,NA,,,WCO_Winfield Scott,34.00868,-119.39558,NA,NA
2016-09-17 14:27:46,VR2W-111372,A69-1601-27071,,NA,,,WCO_Winfield Scott,34.00868,-119.39558,NA,NA
2016-09-17 15:17:43,VR2W-111372,A69-1601-27071,,NA,,,WCO_Winfield Scott,34.00868,-119.39558,NA,NA
2016-09-17 16:05:15,VR2W-111372,A69-1601-27071,,NA,,,WCO_Winfield Scott,34.00868,-119.39558,NA,NA
2016-09-17 16:10:41,VR2W-111372,A69-1601-27071,,NA,,,WCO_Winfield Scott,34.00868,-119.39558,NA,NA
2016-09-17 16:19:01,VR2W-111372,A69-1601-27071,,NA,,,WCO_Winfield Scott,34.00868,-119.39558,NA,NA
2016-09-17 16:24:41,VR2W-111372,A69-1601-27071,,NA,,,WCO_Winfield Scott,34.00868,-119.39558,NA,NA
2016-09-17 16:26:10,VR2W-111372,A69-1601-27071,,NA,,,WCO_Winfield Scott,34.00868,-119.39558,NA,NA
2016-09-17 16:27:35,VR2W-111372,A69-1601-27071,,NA,,,WCO_Winfield Scott,34.00868,-119.39558,NA,NA
2016-09-17 16:28:52,VR2W-111372,A69-1601-27071,,NA,,,WCO_Winfield Scott,34.00868,-119.39558,NA,NA
2016-09-17 16:29:53,VR2W-111372,A69-1601-27071,,NA,,,WCO_Winfield Scott,34.00868,-119.39558,NA,NA
2016-09-17 16:32:42,VR2W-111372,A69-1601-27071,,NA,,,WCO_Winfield Scott,34.00868,-119.39558,NA,NA
2016-09-17 16:33:51,VR2W-111372,A69-1601-27071,,NA,,,WCO_Winfield Scott,34.00868,-119.39558,NA,NA
2016-09-17 16:35:33,VR2W-111372,A69-1601-27071,,NA,,,WCO_Winfield Scott,34.00868,-119.39558,NA,NA
2016-09-17 16:36:52,VR2W-111372,A69-1601-27071,,NA,,,WCO_Winfield Scott,34.00868,-119.39558,NA,NA
2016-09-17 16:37:56,VR2W-111372,A69-1601-27071,,NA,,,WCO_Winfield Scott,34.00868,-119.39558,NA,NA
2016-09-17 16:38:32,VR2W-111372,A69-1601-27071,,NA,,,WCO_Winfield Scott,34.00868,-119.39558,NA,NA
2016-09-17 16:39:11,VR2W-111372,A69-1601-27071,,NA,,,WCO_Winfield Scott,34.00868,-119.39558,NA,NA
2016-09-17 16:39:55,VR2W-111372,A69-1601-27071,,NA,,,WCO_Winfield Scott,34.00868,-119.39558,NA,NA
2016-09-17 16:40:48,VR2W-111372,A69-1601-27071,,NA,,,WCO_Winfield Scott,34.00868,-119.39558,NA,NA
2016-09-17 16:42:02,VR2W-111372,A69-1601-27071,,NA,,,WCO_Winfield Scott,34.00868,-119.39558,NA,NA
2016-09-17 16:42:55,VR2W-111372,A69-1601-27071,,NA,,,WCO_Winfield Scott,34.00868,-119.39558,NA,NA
2016-09-17 16:44:08,VR2W-111372,A69-1601-27071,,NA,,,WCO_Winfield Scott,34.00868,-119.39558,NA,NA
2016-09-17 16:45:01,VR2W-111372,A69-1601-27071,,NA,,,WCO_Winfield Scott,34.00868,-119.39558,NA,NA
2016-09-17 16:46:14,VR2W-111372,A69-1601-27071,,NA,,,WCO_Winfield Scott,34.00868,-119.39558,NA,NA
2016-09-17 16:47:06,VR2W-111372,A69-1601-27071,,NA,,,WCO_Winfield Scott,34.00868,-119.39558,NA,NA
2016-09-17 16:48:16,VR2W-111372,A69-1601-27071,,NA,,,WCO_Winfield Scott,34.00868,-119.39558,NA,NA
2016-09-17 16:49:03,VR2W-111372,A69-1601-27071,,NA,,,WCO_Winfield Scott,34.00868,-119.39558,NA,NA
2016-09-17 16:50:04,VR2W-111372,A69-1601-27071,,NA,,,WCO_Winfield Scott,34.00868,-119.39558,NA,NA
2016-09-17 16:51:32,VR2W-111372,A69-1601-27071,,NA,,,WCO_Winfield Scott,34.00868,-119.39558,NA,NA
2016-09-17 16:54:51,VR2W-111372,A69-1601-27071,,NA,,,WCO_Winfield Scott,34.00868,-119.39558,NA,NA
2016-09-17 16:55:51,VR2W-111372,A69-1601-27071,,NA,,,WCO_Winfield Scott,34.00868,-119.39558,NA,NA
2016-09-17 16:57:19,VR2W-111372,A69-1601-27071,,NA,,,WCO_Winfield Scott,34.00868,-119.39558,NA,NA
2016-09-17 16:58:40,VR2W-111372,A69-1601-27071,,NA,,,WCO_Winfield Scott,34.00868,-119.39558,NA,NA
2016-09-17 17:00:31,VR2W-111372,A69-1601-27071,,NA,,,WCO_Winfield Scott,34.00868,-119.39558,NA,NA
2016-09-20 14:55:36,VR2W-111372,A69-1601-27071,,NA,,,WCO_Winfield Scott,34.00868,-119.39558,NA,NA
2016-09-20 15:11:12,VR2W-111372,A69-1601-27071,,NA,,,WCO_Winfield Scott,34.00868,-119.39558,NA,NA
2016-09-20 15:30:26,VR2W-111372,A69-1601-27071,,NA,,,WCO_Winfield Scott,34.00868,-119.39558,NA,NA
2016-09-20 15:31:45,VR2W-111372,A69-1601-27071,,NA,,,WCO_Winfield Scott,34.00868,-119.39558,NA,NA
2016-09-20 15:32:50,VR2W-111372,A69-1601-27071,,NA,,,WCO_Winfield Scott,34.00868,-119.39558,NA,NA
2016-09-20 15:34:05,VR2W-111372,A69-1601-27071,,NA,,,WCO_Winfield Scott,34.00868,-119.39558,NA,NA
2016-09-20 15:39:04,VR2W-111372,A69-1601-27071,,NA,,,WCO_Winfield Scott,34.00868,-119.39558,NA,NA
2016-09-20 15:40:00,VR2W-111372,A69-1601-27071,,NA,,,WCO_Winfield Scott,34.00868,-119.39558,NA,NA
2016-09-20 15:41:18,VR2W-111372,A69-1601-27071,,NA,,,WCO_Winfield Scott,34.00868,-119.39558,NA,NA
2016-09-20 15:42:21,VR2W-111372,A69-1601-27071,,NA,,,WCO_Winfield Scott,34.00868,-119.39558,NA,NA
2016-09-20 15:43:53,VR2W-111372,A69-1601-27071,,NA,,,WCO_Winfield Scott,34.00868,-119.39558,NA,NA
2016-09-21 00:08:19,VR2W-111372,A69-1601-27071,,NA,,,WCO_Winfield Scott,34.00868,-119.39558,NA,NA
2016-09-21 00:09:33,VR2W-111372,A69-1601-27071,,NA,,,WCO_Winfield Scott,34.00868,-119.39558,NA,NA
2016-09-21 00:10:28,VR2W-111372,A69-1601-27071,,NA,,,WCO_Winfield Scott,34.00868,-119.39558,NA,NA
2016-09-21 00:11:44,VR2W-111372,A69-1601-27071,,NA,,,WCO_Winfield Scott,34.00868,-119.39558,NA,NA
2016-09-21 00:12:44,VR2W-111372,A69-1601-27071,,NA,,,WCO_Winfield Scott,34.00868,-119.39558,NA,NA
2016-09-21 00:14:09,VR2W-111372,A69-1601-27071,,NA,,,WCO_Winfield Scott,34.00868,-119.39558,NA,NA
2016-09-21 00:15:26,VR2W-111372,A69-1601-27071,,NA,,,WCO_Winfield Scott,34.00868,-119.39558,NA,NA
2016-09-21 00:16:26,VR2W-111372,A69-1601-27071,,NA,,,WCO_Winfield Scott,34.00868,-119.39558,NA,NA
2016-09-21 00:17:53,VR2W-111372,A69-1601-27071,,NA,,,WCO_Winfield Scott,34.00868,-119.39558,NA,NA
2016-09-21 00:19:13,VR2W-111372,A69-1601-27071,,NA,,,WCO_Winfield Scott,34.00868,-119.39558,NA,NA
2016-09-21 00:20:20,VR2W-111372,A69-1601-27071,,NA,,,WCO_Winfield Scott,34.00868,-119.39558,NA,NA
2016-09-21 00:21:01,VR2W-111372,A69-1601-27071,,NA,,,WCO_Winfield Scott,34.00868,-119.39558,NA,NA
2016-09-21 00:21:50,VR2W-111372,A69-1601-27071,,NA,,,WCO_Winfield Scott,34.00868,-119.39558,NA,NA
2016-09-21 00:22:53,VR2W-111372,A69-1601-27071,,NA,,,WCO_Winfield Scott,34.00868,-119.39558,NA,NA
2016-09-21 00:25:58,VR2W-111372,A69-1601-27071,,NA,,,WCO_Winfield Scott,34.00868,-119.39558,NA,NA
2016-09-21 00:27:28,VR2W-111372,A69-1601-27071,,NA,,,WCO_Winfield Scott,34.00868,-119.39558,NA,NA
2016-09-21 00:31:26,VR2W-111372,A69-1601-27071,,NA,,,WCO_Winfield Scott,34.00868,-119.39558,NA,NA
2016-09-21 00:33:08,VR2W-111372,A69-1601-27071,,NA,,,WCO_Winfield Scott,34.00868,-119.39558,NA,NA
2016-09-21 00:34:27,VR2W-111372,A69-1601-27071,,NA,,,WCO_Winfield Scott,34.00868,-119.39558,NA,NA
2016-09-25 12:39:13,VR2W-111372,A69-1601-27071,,NA,,,WCO_Winfield Scott,34.00868,-119.39558,NA,NA
2016-09-25 12:40:01,VR2W-111372,A69-1601-27071,,NA,,,WCO_Winfield Scott,34.00868,-119.39558,NA,NA
2016-09-25 12:41:04,VR2W-111372,A69-1601-27071,,NA,,,WCO_Winfield Scott,34.00868,-119.39558,NA,NA
2016-09-25 12:42:36,VR2W-111372,A69-1601-27071,,NA,,,WCO_Winfield Scott,34.00868,-119.39558,NA,NA
2016-09-25 12:44:07,VR2W-111372,A69-1601-27071,,NA,,,WCO_Winfield Scott,34.00868,-119.39558,NA,NA
2016-09-25 12:45:35,VR2W-111372,A69-1601-27071,,NA,,,WCO_Winfield Scott,34.00868,-119.39558,NA,NA
2016-09-25 12:46:58,VR2W-111372,A69-1601-27071,,NA,,,WCO_Winfield Scott,34.00868,-119.39558,NA,NA
2016-09-25 12:50:01,VR2W-111372,A69-1601-27071,,NA,,,WCO_Winfield Scott,34.00868,-119.39558,NA,NA
2016-09-25 12:51:09,VR2W-111372,A69-1601-27071,,NA,,,WCO_Winfield Scott,34.00868,-119.39558,NA,NA
2016-09-25 12:51:44,VR2W-111372,A69-1601-27071,,NA,,,WCO_Winfield Scott,34.00868,-119.39558,NA,NA
2016-09-25 12:52:20,VR2W-111372,A69-1601-27071,,NA,,,WCO_Winfield Scott,34.00868,-119.39558,NA,NA
2016-09-25 12:52:59,VR2W-111372,A69-1601-27071,,NA,,,WCO_Winfield Scott,34.00868,-119.39558,NA,NA
2016-09-25 12:53:44,VR2W-111372,A69-1601-27071,,NA,,,WCO_Winfield Scott,34.00868,-119.39558,NA,NA
2016-09-25 12:54:40,VR2W-111372,A69-1601-27071,,NA,,,WCO_Winfield Scott,34.00868,-119.39558,NA,NA
2016-09-25 12:55:57,VR2W-111372,A69-1601-27071,,NA,,,WCO_Winfield Scott,34.00868,-119.39558,NA,NA
2016-09-25 12:58:29,VR2W-111372,A69-1601-27071,,NA,,,WCO_Winfield Scott,34.00868,-119.39558,NA,NA
2016-09-25 13:05:32,VR2W-111372,A69-1601-27071,,NA,,,WCO_Winfield Scott,34.00868,-119.39558,NA,NA
2016-09-25 13:06:06,VR2W-111372,A69-1601-27071,,NA,,,WCO_Winfield Scott,34.00868,-119.39558,NA,NA
2016-09-25 13:06:40,VR2W-111372,A69-1601-27071,,NA,,,WCO_Winfield Scott,34.00868,-119.39558,NA,NA
2016-09-25 13:08:24,VR2W-111372,A69-1601-27071,,NA,,,WCO_Winfield Scott,34.00868,-119.39558,NA,NA
2016-09-25 13:09:44,VR2W-111372,A69-1601-27071,,NA,,,WCO_Winfield Scott,34.00868,-119.39558,NA,NA
2016-09-25 13:13:16,VR2W-111372,A69-1601-27071,,NA,,,WCO_Winfield Scott,34.00868,-119.39558,NA,NA
2016-09-25 13:14:23,VR2W-111372,A69-1601-27071,,NA,,,WCO_Winfield Scott,34.00868,-119.39558,NA,NA
2016-09-25 13:15:05,VR2W-111372,A69-1601-27071,,NA,,,WCO_Winfield Scott,34.00868,-119.39558,NA,NA
2016-09-25 13:15:54,VR2W-111372,A69-1601-27071,,NA,,,WCO_Winfield Scott,34.00868,-119.39558,NA,NA
2016-09-25 13:17:00,VR2W-111372,A69-1601-27071,,NA,,,WCO_Winfield Scott,34.00868,-119.39558,NA,NA
2016-09-25 13:17:38,VR2W-111372,A69-1601-27071,,NA,,,WCO_Winfield Scott,34.00868,-119.39558,NA,NA
2016-09-25 13:18:21,VR2W-111372,A69-1601-27071,,NA,,,WCO_Winfield Scott,34.00868,-119.39558,NA,NA
2016-09-25 13:19:13,VR2W-111372,A69-1601-27071,,NA,,,WCO_Winfield Scott,34.00868,-119.39558,NA,NA
2016-09-25 13:20:24,VR2W-111372,A69-1601-27071,,NA,,,WCO_Winfield Scott,34.00868,-119.39558,NA,NA
2016-09-25 13:21:11,VR2W-111372,A69-1601-27071,,NA,,,WCO_Winfield Scott,34.00868,-119.39558,NA,NA
2016-09-25 13:22:12,VR2W-111372,A69-1601-27071,,NA,,,WCO_Winfield Scott,34.00868,-119.39558,NA,NA
2016-09-25 13:23:41,VR2W-111372,A69-1601-27071,,NA,,,WCO_Winfield Scott,34.00868,-119.39558,NA,NA
2016-09-25 13:25:04,VR2W-111372,A69-1601-27071,,NA,,,WCO_Winfield Scott,34.00868,-119.39558,NA,NA
2016-09-25 13:26:17,VR2W-111372,A69-1601-27071,,NA,,,WCO_Winfield Scott,34.00868,-119.39558,NA,NA
2016-09-25 13:28:22,VR2W-111372,A69-1601-27071,,NA,,,WCO_Winfield Scott,34.00868,-119.39558,NA,NA
2016-09-25 13:33:06,VR2W-111372,A69-1601-27071,,NA,,,WCO_Winfield Scott,34.00868,-119.39558,NA,NA
2016-09-25 13:39:46,VR2W-111372,A69-1601-27071,,NA,,,WCO_Winfield Scott,34.00868,-119.39558,NA,NA
2016-09-26 00:42:05,VR2W-111372,A69-1601-27071,,NA,,,WCO_Winfield Scott,34.00868,-119.39558,NA,NA
2016-09-26 00:50:39,VR2W-111372,A69-1601-27071,,NA,,,WCO_Winfield Scott,34.00868,-119.39558,NA,NA
2016-09-26 00:51:21,VR2W-111372,A69-1601-27071,,NA,,,WCO_Winfield Scott,34.00868,-119.39558,NA,NA
2016-09-26 00:53:50,VR2W-111372,A69-1601-27071,,NA,,,WCO_Winfield Scott,34.00868,-119.39558,NA,NA
2016-09-26 00:54:28,VR2W-111372,A69-1601-27071,,NA,,,WCO_Winfield Scott,34.00868,-119.39558,NA,NA
2016-09-26 00:57:37,VR2W-111372,A69-1601-27071,,NA,,,WCO_Winfield Scott,34.00868,-119.39558,NA,NA
2016-09-26 00:58:50,VR2W-111372,A69-1601-27071,,NA,,,WCO_Winfield Scott,34.00868,-119.39558,NA,NA
2016-09-26 01:03:23,VR2W-111372,A69-1601-27071,,NA,,,WCO_Winfield Scott,34.00868,-119.39558,NA,NA
2016-09-26 01:04:16,VR2W-111372,A69-1601-27071,,NA,,,WCO_Winfield Scott,34.00868,-119.39558,NA,NA
2016-09-26 01:05:28,VR2W-111372,A69-1601-27071,,NA,,,WCO_Winfield Scott,34.00868,-119.39558,NA,NA
2016-09-26 01:07:30,VR2W-111372,A69-1601-27071,,NA,,,WCO_Winfield Scott,34.00868,-119.39558,NA,NA
2016-09-26 01:08:16,VR2W-111372,A69-1601-27071,,NA,,,WCO_Winfield Scott,34.00868,-119.39558,NA,NA
2016-09-26 01:09:16,VR2W-111372,A69-1601-27071,,NA,,,WCO_Winfield Scott,34.00868,-119.39558,NA,NA
2016-09-26 01:10:41,VR2W-111372,A69-1601-27071,,NA,,,WCO_Winfield Scott,34.00868,-119.39558,NA,NA
2016-09-26 01:11:57,VR2W-111372,A69-1601-27071,,NA,,,WCO_Winfield Scott,34.00868,-119.39558,NA,NA
2016-09-26 01:12:56,VR2W-111372,A69-1601-27071,,NA,,,WCO_Winfield Scott,34.00868,-119.39558,NA,NA
2016-09-26 01:14:20,VR2W-111372,A69-1601-27071,,NA,,,WCO_Winfield Scott,34.00868,-119.39558,NA,NA
2016-09-26 01:15:36,VR2W-111372,A69-1601-27071,,NA,,,WCO_Winfield Scott,34.00868,-119.39558,NA,NA
2016-09-26 01:16:33,VR2W-111372,A69-1601-27071,,NA,,,WCO_Winfield Scott,34.00868,-119.39558,NA,NA
2016-09-26 01:17:54,VR2W-111372,A69-1601-27071,,NA,,,WCO_Winfield Scott,34.00868,-119.39558,NA,NA
2016-09-26 01:19:46,VR2W-111372,A69-1601-27071,,NA,,,WCO_Winfield Scott,34.00868,-119.39558,NA,NA
2016-09-26 01:20:38,VR2W-111372,A69-1601-27071,,NA,,,WCO_Winfield Scott,34.00868,-119.39558,NA,NA
2016-09-26 01:21:51,VR2W-111372,A69-1601-27071,,NA,,,WCO_Winfield Scott,34.00868,-119.39558,NA,NA
2016-09-26 01:22:41,VR2W-111372,A69-1601-27071,,NA,,,WCO_Winfield Scott,34.00868,-119.39558,NA,NA
2016-09-26 01:23:49,VR2W-111372,A69-1601-27071,,NA,,,WCO_Winfield Scott,34.00868,-119.39558,NA,NA
2016-09-26 01:24:31,VR2W-111372,A69-1601-27071,,NA,,,WCO_Winfield Scott,34.00868,-119.39558,NA,NA
2016-09-26 01:25:22,VR2W-111372,A69-1601-27071,,NA,,,WCO_Winfield Scott,34.00868,-119.39558,NA,NA
2016-09-26 01:28:04,VR2W-111372,A69-1601-27071,,NA,,,WCO_Winfield Scott,34.00868,-119.39558,NA,NA
2016-09-26 01:30:57,VR2W-111372,A69-1601-27071,,NA,,,WCO_Winfield Scott,34.00868,-119.39558,NA,NA
2016-09-26 01:32:18,VR2W-111372,A69-1601-27071,,NA,,,WCO_Winfield Scott,34.00868,-119.39558,NA,NA
2016-09-26 01:34:10,VR2W-111372,A69-1601-27071,,NA,,,WCO_Winfield Scott,34.00868,-119.39558,NA,NA
2016-09-26 01:35:04,VR2W-111372,A69-1601-27071,,NA,,,WCO_Winfield Scott,34.00868,-119.39558,NA,NA
2016-09-26 01:36:18,VR2W-111372,A69-1601-27071,,NA,,,WCO_Winfield Scott,34.00868,-119.39558,NA,NA
2016-09-26 01:37:14,VR2W-111372,A69-1601-27071,,NA,,,WCO_Winfield Scott,34.00868,-119.39558,NA,NA
2016-09-26 01:38:31,VR2W-111372,A69-1601-27071,,NA,,,WCO_Winfield Scott,34.00868,-119.39558,NA,NA
2016-09-26 01:40:58,VR2W-111372,A69-1601-27071,,NA,,,WCO_Winfield Scott,34.00868,-119.39558,NA,NA
2016-09-26 01:42:19,VR2W-111372,A69-1601-27071,,NA,,,WCO_Winfield Scott,34.00868,-119.39558,NA,NA
2016-09-26 01:44:11,VR2W-111372,A69-1601-27071,,NA,,,WCO_Winfield Scott,34.00868,-119.39558,NA,NA
2016-09-26 01:51:42,VR2W-111372,A69-1601-27071,,NA,,,WCO_Winfield Scott,34.00868,-119.39558,NA,NA
2016-09-26 01:56:56,VR2W-111372,A69-1601-27071,,NA,,,WCO_Winfield Scott,34.00868,-119.39558,NA,NA
2016-10-02 13:41:14,VR2W-111372,A69-1601-27071,,NA,,,WCO_Winfield Scott,34.00868,-119.39558,NA,NA
2016-10-02 13:42:23,VR2W-111372,A69-1601-27071,,NA,,,WCO_Winfield Scott,34.00868,-119.39558,NA,NA
2016-10-02 13:43:05,VR2W-111372,A69-1601-27071,,NA,,,WCO_Winfield Scott,34.00868,-119.39558,NA,NA
2016-10-02 13:43:57,VR2W-111372,A69-1601-27071,,NA,,,WCO_Winfield Scott,34.00868,-119.39558,NA,NA
2016-10-02 13:45:54,VR2W-111372,A69-1601-27071,,NA,,,WCO_Winfield Scott,34.00868,-119.39558,NA,NA
2016-10-03 23:24:10,VR2W-111372,A69-1601-27071,,NA,,,WCO_Winfield Scott,34.00868,-119.39558,NA,NA
2016-10-03 23:35:50,VR2W-111372,A69-1601-27071,,NA,,,WCO_Winfield Scott,34.00868,-119.39558,NA,NA
2016-10-03 23:36:28,VR2W-111372,A69-1601-27071,,NA,,,WCO_Winfield Scott,34.00868,-119.39558,NA,NA
2016-10-03 23:37:11,VR2W-111372,A69-1601-27071,,NA,,,WCO_Winfield Scott,34.00868,-119.39558,NA,NA
2016-10-03 23:38:03,VR2W-111372,A69-1601-27071,,NA,,,WCO_Winfield Scott,34.00868,-119.39558,NA,NA
2016-10-03 23:39:13,VR2W-111372,A69-1601-27071,,NA,,,WCO_Winfield Scott,34.00868,-119.39558,NA,NA
2016-10-03 23:40:01,VR2W-111372,A69-1601-27071,,NA,,,WCO_Winfield Scott,34.00868,-119.39558,NA,NA
2016-10-03 23:41:02,VR2W-111372,A69-1601-27071,,NA,,,WCO_Winfield Scott,34.00868,-119.39558,NA,NA
2016-10-05 16:07:17,VR2W-111372,A69-1601-27071,,NA,,,WCO_Winfield Scott,34.00868,-119.39558,NA,NA
2016-10-05 16:21:07,VR2W-111372,A69-1601-27071,,NA,,,WCO_Winfield Scott,34.00868,-119.39558,NA,NA
2016-10-05 16:24:37,VR2W-111372,A69-1601-27071,,NA,,,WCO_Winfield Scott,34.00868,-119.39558,NA,NA
2016-10-05 16:25:24,VR2W-111372,A69-1601-27071,,NA,,,WCO_Winfield Scott,34.00868,-119.39558,NA,NA
2016-10-05 16:27:54,VR2W-111372,A69-1601-27071,,NA,,,WCO_Winfield Scott,34.00868,-119.39558,NA,NA
2016-10-05 16:30:33,VR2W-111372,A69-1601-27071,,NA,,,WCO_Winfield Scott,34.00868,-119.39558,NA,NA
2016-10-05 16:41:07,VR2W-111372,A69-1601-27071,,NA,,,WCO_Winfield Scott,34.00868,-119.39558,NA,NA
2016-10-05 16:55:17,VR2W-111372,A69-1601-27071,,NA,,,WCO_Winfield Scott,34.00868,-119.39558,NA,NA
2016-10-05 17:01:26,VR2W-111372,A69-1601-27071,,NA,,,WCO_Winfield Scott,34.00868,-119.39558,NA,NA
2016-10-05 17:02:37,VR2W-111372,A69-1601-27071,,NA,,,WCO_Winfield Scott,34.00868,-119.39558,NA,NA
2016-10-05 21:39:53,VR2W-111372,A69-1601-27071,,NA,,,WCO_Winfield Scott,34.00868,-119.39558,NA,NA
2016-10-05 21:48:05,VR2W-111372,A69-1601-27071,,NA,,,WCO_Winfield Scott,34.00868,-119.39558,NA,NA
2016-10-05 21:51:01,VR2W-111372,A69-1601-27071,,NA,,,WCO_Winfield Scott,34.00868,-119.39558,NA,NA
2016-10-05 21:52:20,VR2W-111372,A69-1601-27071,,NA,,,WCO_Winfield Scott,34.00868,-119.39558,NA,NA
2016-10-05 21:55:16,VR2W-111372,A69-1601-27071,,NA,,,WCO_Winfield Scott,34.00868,-119.39558,NA,NA
2016-10-05 21:56:02,VR2W-111372,A69-1601-27071,,NA,,,WCO_Winfield Scott,34.00868,-119.39558,NA,NA
2016-10-05 21:57:02,VR2W-111372,A69-1601-27071,,NA,,,WCO_Winfield Scott,34.00868,-119.39558,NA,NA
2016-10-05 21:58:26,VR2W-111372,A69-1601-27071,,NA,,,WCO_Winfield Scott,34.00868,-119.39558,NA,NA
2016-10-05 21:59:42,VR2W-111372,A69-1601-27071,,NA,,,WCO_Winfield Scott,34.00868,-119.39558,NA,NA
2016-10-05 22:00:41,VR2W-111372,A69-1601-27071,,NA,,,WCO_Winfield Scott,34.00868,-119.39558,NA,NA
2016-10-05 22:02:04,VR2W-111372,A69-1601-27071,,NA,,,WCO_Winfield Scott,34.00868,-119.39558,NA,NA
2016-10-05 22:03:17,VR2W-111372,A69-1601-27071,,NA,,,WCO_Winfield Scott,34.00868,-119.39558,NA,NA
2016-10-05 22:04:10,VR2W-111372,A69-1601-27071,,NA,,,WCO_Winfield Scott,34.00868,-119.39558,NA,NA
2016-10-05 22:05:22,VR2W-111372,A69-1601-27071,,NA,,,WCO_Winfield Scott,34.00868,-119.39558,NA,NA
2016-10-05 22:07:19,VR2W-111372,A69-1601-27071,,NA,,,WCO_Winfield Scott,34.00868,-119.39558,NA,NA
2016-10-05 22:08:00,VR2W-111372,A69-1601-27071,,NA,,,WCO_Winfield Scott,34.00868,-119.39558,NA,NA
2016-10-05 22:08:48,VR2W-111372,A69-1601-27071,,NA,,,WCO_Winfield Scott,34.00868,-119.39558,NA,NA
2016-10-05 22:09:50,VR2W-111372,A69-1601-27071,,NA,,,WCO_Winfield Scott,34.00868,-119.39558,NA,NA
2016-10-05 22:11:21,VR2W-111372,A69-1601-27071,,NA,,,WCO_Winfield Scott,34.00868,-119.39558,NA,NA
2016-10-05 22:12:49,VR2W-111372,A69-1601-27071,,NA,,,WCO_Winfield Scott,34.00868,-119.39558,NA,NA
2016-10-05 22:14:12,VR2W-111372,A69-1601-27071,,NA,,,WCO_Winfield Scott,34.00868,-119.39558,NA,NA
2016-10-05 22:15:25,VR2W-111372,A69-1601-27071,,NA,,,WCO_Winfield Scott,34.00868,-119.39558,NA,NA
2016-10-05 22:16:17,VR2W-111372,A69-1601-27071,,NA,,,WCO_Winfield Scott,34.00868,-119.39558,NA,NA
2016-10-05 22:17:28,VR2W-111372,A69-1601-27071,,NA,,,WCO_Winfield Scott,34.00868,-119.39558,NA,NA
2016-10-05 22:18:15,VR2W-111372,A69-1601-27071,,NA,,,WCO_Winfield Scott,34.00868,-119.39558,NA,NA
2016-10-05 22:19:17,VR2W-111372,A69-1601-27071,,NA,,,WCO_Winfield Scott,34.00868,-119.39558,NA,NA
2016-10-05 22:20:47,VR2W-111372,A69-1601-27071,,NA,,,WCO_Winfield Scott,34.00868,-119.39558,NA,NA
2016-10-05 22:22:14,VR2W-111372,A69-1601-27071,,NA,,,WCO_Winfield Scott,34.00868,-119.39558,NA,NA
2016-10-05 22:23:34,VR2W-111372,A69-1601-27071,,NA,,,WCO_Winfield Scott,34.00868,-119.39558,NA,NA
2016-10-05 22:24:41,VR2W-111372,A69-1601-27071,,NA,,,WCO_Winfield Scott,34.00868,-119.39558,NA,NA
2016-10-05 22:25:21,VR2W-111372,A69-1601-27071,,NA,,,WCO_Winfield Scott,34.00868,-119.39558,NA,NA
2016-10-05 22:26:07,VR2W-111372,A69-1601-27071,,NA,,,WCO_Winfield Scott,34.00868,-119.39558,NA,NA
2016-10-05 22:27:05,VR2W-111372,A69-1601-27071,,NA,,,WCO_Winfield Scott,34.00868,-119.39558,NA,NA
2016-10-05 22:28:27,VR2W-111372,A69-1601-27071,,NA,,,WCO_Winfield Scott,34.00868,-119.39558,NA,NA
2016-10-05 22:29:38,VR2W-111372,A69-1601-27071,,NA,,,WCO_Winfield Scott,34.00868,-119.39558,NA,NA
2016-10-05 22:31:31,VR2W-111372,A69-1601-27071,,NA,,,WCO_Winfield Scott,34.00868,-119.39558,NA,NA
2016-10-05 22:32:06,VR2W-111372,A69-1601-27071,,NA,,,WCO_Winfield Scott,34.00868,-119.39558,NA,NA
2016-10-05 22:32:42,VR2W-111372,A69-1601-27071,,NA,,,WCO_Winfield Scott,34.00868,-119.39558,NA,NA
2016-10-05 22:33:20,VR2W-111372,A69-1601-27071,,NA,,,WCO_Winfield Scott,34.00868,-119.39558,NA,NA
2016-10-05 22:34:02,VR2W-111372,A69-1601-27071,,NA,,,WCO_Winfield Scott,34.00868,-119.39558,NA,NA
2016-10-05 22:34:53,VR2W-111372,A69-1601-27071,,NA,,,WCO_Winfield Scott,34.00868,-119.39558,NA,NA
2016-10-05 22:37:41,VR2W-111372,A69-1601-27071,,NA,,,WCO_Winfield Scott,34.00868,-119.39558,NA,NA
2016-10-05 22:38:57,VR2W-111372,A69-1601-27071,,NA,,,WCO_Winfield Scott,34.00868,-119.39558,NA,NA
2016-10-05 22:42:29,VR2W-111372,A69-1601-27071,,NA,,,WCO_Winfield Scott,34.00868,-119.39558,NA,NA
2016-10-05 22:45:53,VR2W-111372,A69-1601-27071,,NA,,,WCO_Winfield Scott,34.00868,-119.39558,NA,NA
2016-10-05 22:46:52,VR2W-111372,A69-1601-27071,,NA,,,WCO_Winfield Scott,34.00868,-119.39558,NA,NA
2016-10-05 22:52:04,VR2W-111372,A69-1601-27071,,NA,,,WCO_Winfield Scott,34.00868,-119.39558,NA,NA
2016-10-05 23:05:18,VR2W-111372,A69-1601-27071,,NA,,,WCO_Winfield Scott,34.00868,-119.39558,NA,NA
2016-10-11 12:09:29,VR2W-111372,A69-1601-27071,,NA,,,WCO_Winfield Scott,34.00868,-119.39558,NA,NA
2016-10-12 02:06:54,VR2W-111372,A69-1601-27071,,NA,,,WCO_Winfield Scott,34.00868,-119.39558,NA,NA
2016-10-12 02:08:23,VR2W-111372,A69-1601-27071,,NA,,,WCO_Winfield Scott,34.00868,-119.39558,NA,NA
2016-10-12 02:09:50,VR2W-111372,A69-1601-27071,,NA,,,WCO_Winfield Scott,34.00868,-119.39558,NA,NA
2016-10-12 18:30:39,VR2W-111372,A69-1601-27071,,NA,,,WCO_Winfield Scott,34.00868,-119.39558,NA,NA
2016-10-12 18:33:05,VR2W-111372,A69-1601-27071,,NA,,,WCO_Winfield Scott,34.00868,-119.39558,NA,NA
2016-10-12 19:36:53,VR2W-111372,A69-1601-27071,,NA,,,WCO_Winfield Scott,34.00868,-119.39558,NA,NA
2016-10-12 19:40:21,VR2W-111372,A69-1601-27071,,NA,,,WCO_Winfield Scott,34.00868,-119.39558,NA,NA
2016-10-12 19:56:14,VR2W-111372,A69-1601-27071,,NA,,,WCO_Winfield Scott,34.00868,-119.39558,NA,NA
2016-10-12 19:57:02,VR2W-111372,A69-1601-27071,,NA,,,WCO_Winfield Scott,34.00868,-119.39558,NA,NA
2016-10-12 19:58:04,VR2W-111372,A69-1601-27071,,NA,,,WCO_Winfield Scott,34.00868,-119.39558,NA,NA
2016-10-12 19:59:36,VR2W-111372,A69-1601-27071,,NA,,,WCO_Winfield Scott,34.00868,-119.39558,NA,NA
2016-10-12 20:03:46,VR2W-111372,A69-1601-27071,,NA,,,WCO_Winfield Scott,34.00868,-119.39558,NA,NA
2016-10-12 20:07:26,VR2W-111372,A69-1601-27071,,NA,,,WCO_Winfield Scott,34.00868,-119.39558,NA,NA
2016-10-12 20:14:20,VR2W-111372,A69-1601-27071,,NA,,,WCO_Winfield Scott,34.00868,-119.39558,NA,NA
2016-10-12 20:17:23,VR2W-111372,A69-1601-27071,,NA,,,WCO_Winfield Scott,34.00868,-119.39558,NA,NA
2016-10-12 20:31:36,VR2W-111372,A69-1601-27071,,NA,,,WCO_Winfield Scott,34.00868,-119.39558,NA,NA
2016-10-12 20:37:14,VR2W-111372,A69-1601-27071,,NA,,,WCO_Winfield Scott,34.00868,-119.39558,NA,NA
2016-10-12 20:38:22,VR2W-111372,A69-1601-27071,,NA,,,WCO_Winfield Scott,34.00868,-119.39558,NA,NA
2016-10-12 20:45:37,VR2W-111372,A69-1601-27071,,NA,,,WCO_Winfield Scott,34.00868,-119.39558,NA,NA
2016-10-12 20:50:30,VR2W-111372,A69-1601-27071,,NA,,,WCO_Winfield Scott,34.00868,-119.39558,NA,NA
2016-10-12 20:51:37,VR2W-111372,A69-1601-27071,,NA,,,WCO_Winfield Scott,34.00868,-119.39558,NA,NA
2016-10-12 20:55:43,VR2W-111372,A69-1601-27071,,NA,,,WCO_Winfield Scott,34.00868,-119.39558,NA,NA
2016-10-12 20:58:49,VR2W-111372,A69-1601-27071,,NA,,,WCO_Winfield Scott,34.00868,-119.39558,NA,NA
2016-11-03 19:59:43,VR2W-113881,A69-1601-27071,,NA,,,WCO_Valley,33.97822,-119.66998,NA,NA
2016-11-03 21:32:48,VR2W-113881,A69-1601-27071,,NA,,,WCO_Valley,33.97822,-119.66998,NA,NA
2016-11-03 21:37:02,VR2W-113881,A69-1601-27071,,NA,,,WCO_Valley,33.97822,-119.66998,NA,NA
2016-12-10 18:00:34,VR2W-127959,A69-1601-27071,,NA,,,WCO_Scorpion,34.05487,-119.55995,NA,NA
2016-12-10 18:03:35,VR2W-127959,A69-1601-27071,,NA,,,WCO_Scorpion,34.05487,-119.55995,NA,NA
2016-12-10 18:16:31,VR2W-127959,A69-1601-27071,,NA,,,WCO_Scorpion,34.05487,-119.55995,NA,NA
2016-12-10 18:17:50,VR2W-127959,A69-1601-27071,,NA,,,WCO_Scorpion,34.05487,-119.55995,NA,NA
2016-12-10 18:20:07,VR2W-127959,A69-1601-27071,,NA,,,WCO_Scorpion,34.05487,-119.55995,NA,NA
2016-12-10 18:20:49,VR2W-127959,A69-1601-27071,,NA,,,WCO_Scorpion,34.05487,-119.55995,NA,NA
2016-12-10 18:21:38,VR2W-127959,A69-1601-27071,,NA,,,WCO_Scorpion,34.05487,-119.55995,NA,NA
2016-12-10 18:22:43,VR2W-127959,A69-1601-27071,,NA,,,WCO_Scorpion,34.05487,-119.55995,NA,NA
2016-12-10 18:23:20,VR2W-127959,A69-1601-27071,,NA,,,WCO_Scorpion,34.05487,-119.55995,NA,NA
2016-12-10 18:25:48,VR2W-127959,A69-1601-27071,,NA,,,WCO_Scorpion,34.05487,-119.55995,NA,NA
2016-12-18 00:23:55,VR2W-110768,A69-1601-27071,,NA,,,WCO_Winfield Scott,34.00868,-119.39558,NA,NA
2016-12-18 00:25:01,VR2W-110768,A69-1601-27071,,NA,,,WCO_Winfield Scott,34.00868,-119.39558,NA,NA
2016-12-18 00:26:23,VR2W-110768,A69-1601-27071,,NA,,,WCO_Winfield Scott,34.00868,-119.39558,NA,NA
2016-12-18 16:04:54,VR2W-110768,A69-1601-27071,,NA,,,WCO_Winfield Scott,34.00868,-119.39558,NA,NA
2016-12-25 21:09:28,VR2W-110768,A69-1601-27071,,NA,,,WCO_Winfield Scott,34.00868,-119.39558,NA,NA
2016-12-25 21:14:00,VR2W-110768,A69-1601-27071,,NA,,,WCO_Winfield Scott,34.00868,-119.39558,NA,NA
2016-12-26 14:22:29,VR2W-110768,A69-1601-27071,,NA,,,WCO_Winfield Scott,34.00868,-119.39558,NA,NA
2016-12-26 14:24:12,VR2W-110768,A69-1601-27071,,NA,,,WCO_Winfield Scott,34.00868,-119.39558,NA,NA
2016-12-26 14:25:34,VR2W-110768,A69-1601-27071,,NA,,,WCO_Winfield Scott,34.00868,-119.39558,NA,NA
2016-12-26 14:26:44,VR2W-110768,A69-1601-27071,,NA,,,WCO_Winfield Scott,34.00868,-119.39558,NA,NA
2016-12-26 14:27:29,VR2W-110768,A69-1601-27071,,NA,,,WCO_Winfield Scott,34.00868,-119.39558,NA,NA
2016-12-26 14:28:28,VR2W-110768,A69-1601-27071,,NA,,,WCO_Winfield Scott,34.00868,-119.39558,NA,NA
2016-12-26 14:29:51,VR2W-110768,A69-1601-27071,,NA,,,WCO_Winfield Scott,34.00868,-119.39558,NA,NA
2016-12-26 14:31:03,VR2W-110768,A69-1601-27071,,NA,,,WCO_Winfield Scott,34.00868,-119.39558,NA,NA
2016-12-26 14:31:53,VR2W-110768,A69-1601-27071,,NA,,,WCO_Winfield Scott,34.00868,-119.39558,NA,NA
2016-12-26 14:56:41,VR2W-110768,A69-1601-27071,,NA,,,WCO_Winfield Scott,34.00868,-119.39558,NA,NA
2016-12-26 15:06:58,VR2W-110768,A69-1601-27071,,NA,,,WCO_Winfield Scott,34.00868,-119.39558,NA,NA
2016-12-26 15:09:57,VR2W-110768,A69-1601-27071,,NA,,,WCO_Winfield Scott,34.00868,-119.39558,NA,NA
2016-12-26 15:11:20,VR2W-110768,A69-1601-27071,,NA,,,WCO_Winfield Scott,34.00868,-119.39558,NA,NA
2016-12-26 15:12:32,VR2W-110768,A69-1601-27071,,NA,,,WCO_Winfield Scott,34.00868,-119.39558,NA,NA
2016-12-26 15:14:31,VR2W-110768,A69-1601-27071,,NA,,,WCO_Winfield Scott,34.00868,-119.39558,NA,NA
2016-12-26 15:36:15,VR2W-110768,A69-1601-27071,,NA,,,WCO_Winfield Scott,34.00868,-119.39558,NA,NA
2016-12-26 15:37:23,VR2W-110768,A69-1601-27071,,NA,,,WCO_Winfield Scott,34.00868,-119.39558,NA,NA
2016-12-26 18:57:49,VR2W-110768,A69-1601-27071,,NA,,,WCO_Winfield Scott,34.00868,-119.39558,NA,NA
2016-12-26 19:00:13,VR2W-110768,A69-1601-27071,,NA,,,WCO_Winfield Scott,34.00868,-119.39558,NA,NA
2016-12-31 15:40:01,VR2W-110768,A69-1601-27071,,NA,,,WCO_Winfield Scott,34.00868,-119.39558,NA,NA
2016-12-31 15:41:18,VR2W-110768,A69-1601-27071,,NA,,,WCO_Winfield Scott,34.00868,-119.39558,NA,NA
2016-12-31 15:42:17,VR2W-110768,A69-1601-27071,,NA,,,WCO_Winfield Scott,34.00868,-119.39558,NA,NA
2017-01-04 14:42:03,VR2W-110768,A69-1601-27071,,NA,,,WCO_Winfield Scott,34.00868,-119.39558,NA,NA
2017-01-04 14:43:33,VR2W-110768,A69-1601-27071,,NA,,,WCO_Winfield Scott,34.00868,-119.39558,NA,NA
2017-01-04 14:44:59,VR2W-110768,A69-1601-27071,,NA,,,WCO_Winfield Scott,34.00868,-119.39558,NA,NA
2017-01-04 14:46:17,VR2W-110768,A69-1601-27071,,NA,,,WCO_Winfield Scott,34.00868,-119.39558,NA,NA
2017-01-04 14:48:52,VR2W-110768,A69-1601-27071,,NA,,,WCO_Winfield Scott,34.00868,-119.39558,NA,NA
2017-01-04 19:06:12,VR2W-110768,A69-1601-27071,,NA,,,WCO_Winfield Scott,34.00868,-119.39558,NA,NA
2017-01-13 22:10:39,VR2W-110768,A69-1601-27071,,NA,,,WCO_Winfield Scott,34.00868,-119.39558,NA,NA
2017-01-13 22:11:31,VR2W-110768,A69-1601-27071,,NA,,,WCO_Winfield Scott,34.00868,-119.39558,NA,NA
2017-01-13 22:12:41,VR2W-110768,A69-1601-27071,,NA,,,WCO_Winfield Scott,34.00868,-119.39558,NA,NA
2017-01-13 22:14:28,VR2W-110768,A69-1601-27071,,NA,,,WCO_Winfield Scott,34.00868,-119.39558,NA,NA
2017-01-13 22:15:55,VR2W-110768,A69-1601-27071,,NA,,,WCO_Winfield Scott,34.00868,-119.39558,NA,NA
2017-01-13 22:17:14,VR2W-110768,A69-1601-27071,,NA,,,WCO_Winfield Scott,34.00868,-119.39558,NA,NA
2017-01-13 22:18:20,VR2W-110768,A69-1601-27071,,NA,,,WCO_Winfield Scott,34.00868,-119.39558,NA,NA
2017-01-13 22:18:57,VR2W-110768,A69-1601-27071,,NA,,,WCO_Winfield Scott,34.00868,-119.39558,NA,NA
2017-01-14 18:18:03,VR2W-110768,A69-1601-27071,,NA,,,WCO_Winfield Scott,34.00868,-119.39558,NA,NA
2017-01-14 22:24:50,VR2W-110768,A69-1601-27071,,NA,,,WCO_Winfield Scott,34.00868,-119.39558,NA,NA
2017-01-14 22:29:27,VR2W-110768,A69-1601-27071,,NA,,,WCO_Winfield Scott,34.00868,-119.39558,NA,NA
2017-01-14 22:39:09,VR2W-110768,A69-1601-27071,,NA,,,WCO_Winfield Scott,34.00868,-119.39558,NA,NA
2017-01-14 22:40:30,VR2W-110768,A69-1601-27071,,NA,,,WCO_Winfield Scott,34.00868,-119.39558,NA,NA
2017-01-14 23:03:32,VR2W-110768,A69-1601-27071,,NA,,,WCO_Winfield Scott,34.00868,-119.39558,NA,NA
2017-01-14 23:04:33,VR2W-110768,A69-1601-27071,,NA,,,WCO_Winfield Scott,34.00868,-119.39558,NA,NA
2017-01-14 23:06:00,VR2W-110768,A69-1601-27071,,NA,,,WCO_Winfield Scott,34.00868,-119.39558,NA,NA
2017-01-14 23:07:22,VR2W-110768,A69-1601-27071,,NA,,,WCO_Winfield Scott,34.00868,-119.39558,NA,NA
2017-01-14 23:08:32,VR2W-110768,A69-1601-27071,,NA,,,WCO_Winfield Scott,34.00868,-119.39558,NA,NA
2017-01-14 23:09:18,VR2W-110768,A69-1601-27071,,NA,,,WCO_Winfield Scott,34.00868,-119.39558,NA,NA
2017-01-14 23:11:41,VR2W-110768,A69-1601-27071,,NA,,,WCO_Winfield Scott,34.00868,-119.39558,NA,NA
2017-01-14 23:12:56,VR2W-110768,A69-1601-27071,,NA,,,WCO_Winfield Scott,34.00868,-119.39558,NA,NA
2017-01-14 23:13:53,VR2W-110768,A69-1601-27071,,NA,,,WCO_Winfield Scott,34.00868,-119.39558,NA,NA
2017-01-14 23:15:12,VR2W-110768,A69-1601-27071,,NA,,,WCO_Winfield Scott,34.00868,-119.39558,NA,NA
2017-01-14 23:16:16,VR2W-110768,A69-1601-27071,,NA,,,WCO_Winfield Scott,34.00868,-119.39558,NA,NA
2017-01-14 23:16:52,VR2W-110768,A69-1601-27071,,NA,,,WCO_Winfield Scott,34.00868,-119.39558,NA,NA
2017-01-14 23:17:30,VR2W-110768,A69-1601-27071,,NA,,,WCO_Winfield Scott,34.00868,-119.39558,NA,NA
2017-01-14 23:18:11,VR2W-110768,A69-1601-27071,,NA,,,WCO_Winfield Scott,34.00868,-119.39558,NA,NA
2017-01-14 23:19:02,VR2W-110768,A69-1601-27071,,NA,,,WCO_Winfield Scott,34.00868,-119.39558,NA,NA
2017-01-14 23:20:09,VR2W-110768,A69-1601-27071,,NA,,,WCO_Winfield Scott,34.00868,-119.39558,NA,NA
2017-01-14 23:20:50,VR2W-110768,A69-1601-27071,,NA,,,WCO_Winfield Scott,34.00868,-119.39558,NA,NA
2017-01-14 23:21:38,VR2W-110768,A69-1601-27071,,NA,,,WCO_Winfield Scott,34.00868,-119.39558,NA,NA
2017-01-14 23:22:41,VR2W-110768,A69-1601-27071,,NA,,,WCO_Winfield Scott,34.00868,-119.39558,NA,NA
2017-01-14 23:24:13,VR2W-110768,A69-1601-27071,,NA,,,WCO_Winfield Scott,34.00868,-119.39558,NA,NA
2017-01-14 23:25:44,VR2W-110768,A69-1601-27071,,NA,,,WCO_Winfield Scott,34.00868,-119.39558,NA,NA
2017-01-14 23:27:13,VR2W-110768,A69-1601-27071,,NA,,,WCO_Winfield Scott,34.00868,-119.39558,NA,NA
2017-01-14 23:33:07,VR2W-110768,A69-1601-27071,,NA,,,WCO_Winfield Scott,34.00868,-119.39558,NA,NA
2017-01-14 23:39:58,VR2W-110768,A69-1601-27071,,NA,,,WCO_Winfield Scott,34.00868,-119.39558,NA,NA
2017-01-14 23:42:25,VR2W-110768,A69-1601-27071,,NA,,,WCO_Winfield Scott,34.00868,-119.39558,NA,NA
2017-01-14 23:43:44,VR2W-110768,A69-1601-27071,,NA,,,WCO_Winfield Scott,34.00868,-119.39558,NA,NA
2017-01-14 23:44:50,VR2W-110768,A69-1601-27071,,NA,,,WCO_Winfield Scott,34.00868,-119.39558,NA,NA
2017-01-14 23:45:28,VR2W-110768,A69-1601-27071,,NA,,,WCO_Winfield Scott,34.00868,-119.39558,NA,NA
2017-01-14 23:46:11,VR2W-110768,A69-1601-27071,,NA,,,WCO_Winfield Scott,34.00868,-119.39558,NA,NA
2017-01-14 23:47:02,VR2W-110768,A69-1601-27071,,NA,,,WCO_Winfield Scott,34.00868,-119.39558,NA,NA
2017-01-14 23:53:20,VR2W-110768,A69-1601-27071,,NA,,,WCO_Winfield Scott,34.00868,-119.39558,NA,NA
2017-01-14 23:59:07,VR2W-110768,A69-1601-27071,,NA,,,WCO_Winfield Scott,34.00868,-119.39558,NA,NA
2017-01-15 00:02:08,VR2W-110768,A69-1601-27071,,NA,,,WCO_Winfield Scott,34.00868,-119.39558,NA,NA
2017-01-15 00:03:35,VR2W-110768,A69-1601-27071,,NA,,,WCO_Winfield Scott,34.00868,-119.39558,NA,NA
2017-01-15 00:04:54,VR2W-110768,A69-1601-27071,,NA,,,WCO_Winfield Scott,34.00868,-119.39558,NA,NA
2017-01-15 00:05:59,VR2W-110768,A69-1601-27071,,NA,,,WCO_Winfield Scott,34.00868,-119.39558,NA,NA
2017-01-15 00:10:35,VR2W-110768,A69-1601-27071,,NA,,,WCO_Winfield Scott,34.00868,-119.39558,NA,NA
2017-01-15 00:12:01,VR2W-110768,A69-1601-27071,,NA,,,WCO_Winfield Scott,34.00868,-119.39558,NA,NA
2017-01-15 00:13:19,VR2W-110768,A69-1601-27071,,NA,,,WCO_Winfield Scott,34.00868,-119.39558,NA,NA
2017-01-15 00:14:21,VR2W-110768,A69-1601-27071,,NA,,,WCO_Winfield Scott,34.00868,-119.39558,NA,NA
2017-01-15 00:15:53,VR2W-110768,A69-1601-27071,,NA,,,WCO_Winfield Scott,34.00868,-119.39558,NA,NA
2017-01-15 00:17:21,VR2W-110768,A69-1601-27071,,NA,,,WCO_Winfield Scott,34.00868,-119.39558,NA,NA
2017-01-15 00:18:46,VR2W-110768,A69-1601-27071,,NA,,,WCO_Winfield Scott,34.00868,-119.39558,NA,NA
2017-01-15 00:20:01,VR2W-110768,A69-1601-27071,,NA,,,WCO_Winfield Scott,34.00868,-119.39558,NA,NA
2017-01-15 00:20:57,VR2W-110768,A69-1601-27071,,NA,,,WCO_Winfield Scott,34.00868,-119.39558,NA,NA
2017-01-15 00:22:15,VR2W-110768,A69-1601-27071,,NA,,,WCO_Winfield Scott,34.00868,-119.39558,NA,NA
2017-01-15 00:23:19,VR2W-110768,A69-1601-27071,,NA,,,WCO_Winfield Scott,34.00868,-119.39558,NA,NA
2017-01-15 00:23:53,VR2W-110768,A69-1601-27071,,NA,,,WCO_Winfield Scott,34.00868,-119.39558,NA,NA
2017-01-15 00:24:28,VR2W-110768,A69-1601-27071,,NA,,,WCO_Winfield Scott,34.00868,-119.39558,NA,NA
2017-01-15 00:25:04,VR2W-110768,A69-1601-27071,,NA,,,WCO_Winfield Scott,34.00868,-119.39558,NA,NA
2017-01-15 00:25:42,VR2W-110768,A69-1601-27071,,NA,,,WCO_Winfield Scott,34.00868,-119.39558,NA,NA
2017-01-15 00:26:25,VR2W-110768,A69-1601-27071,,NA,,,WCO_Winfield Scott,34.00868,-119.39558,NA,NA
2017-01-15 00:34:10,VR2W-110768,A69-1601-27071,,NA,,,WCO_Winfield Scott,34.00868,-119.39558,NA,NA
2017-01-15 19:04:28,VR2W-110768,A69-1601-27071,,NA,,,WCO_Winfield Scott,34.00868,-119.39558,NA,NA
2017-01-15 19:07:39,VR2W-110768,A69-1601-27071,,NA,,,WCO_Winfield Scott,34.00868,-119.39558,NA,NA
2017-01-15 19:08:29,VR2W-110768,A69-1601-27071,,NA,,,WCO_Winfield Scott,34.00868,-119.39558,NA,NA
2017-01-15 19:09:37,VR2W-110768,A69-1601-27071,,NA,,,WCO_Winfield Scott,34.00868,-119.39558,NA,NA
2017-01-15 19:19:21,VR2W-110768,A69-1601-27071,,NA,,,WCO_Winfield Scott,34.00868,-119.39558,NA,NA
2017-01-15 19:23:05,VR2W-110768,A69-1601-27071,,NA,,,WCO_Winfield Scott,34.00868,-119.39558,NA,NA
2017-01-15 19:24:25,VR2W-110768,A69-1601-27071,,NA,,,WCO_Winfield Scott,34.00868,-119.39558,NA,NA
2017-01-15 19:25:31,VR2W-110768,A69-1601-27071,,NA,,,WCO_Winfield Scott,34.00868,-119.39558,NA,NA
2017-01-15 19:26:11,VR2W-110768,A69-1601-27071,,NA,,,WCO_Winfield Scott,34.00868,-119.39558,NA,NA
2017-01-15 19:29:13,VR2W-110768,A69-1601-27071,,NA,,,WCO_Winfield Scott,34.00868,-119.39558,NA,NA
2017-01-15 19:30:19,VR2W-110768,A69-1601-27071,,NA,,,WCO_Winfield Scott,34.00868,-119.39558,NA,NA
2017-01-15 19:30:59,VR2W-110768,A69-1601-27071,,NA,,,WCO_Winfield Scott,34.00868,-119.39558,NA,NA
2017-01-15 19:35:13,VR2W-110768,A69-1601-27071,,NA,,,WCO_Winfield Scott,34.00868,-119.39558,NA,NA
2017-01-15 19:40:26,VR2W-110768,A69-1601-27071,,NA,,,WCO_Winfield Scott,34.00868,-119.39558,NA,NA
2017-01-15 19:43:26,VR2W-110768,A69-1601-27071,,NA,,,WCO_Winfield Scott,34.00868,-119.39558,NA,NA
2017-01-15 19:46:24,VR2W-110768,A69-1601-27071,,NA,,,WCO_Winfield Scott,34.00868,-119.39558,NA,NA
2017-01-15 19:47:46,VR2W-110768,A69-1601-27071,,NA,,,WCO_Winfield Scott,34.00868,-119.39558,NA,NA
2017-01-15 19:53:44,VR2W-110768,A69-1601-27071,,NA,,,WCO_Winfield Scott,34.00868,-119.39558,NA,NA
2017-01-15 19:55:04,VR2W-110768,A69-1601-27071,,NA,,,WCO_Winfield Scott,34.00868,-119.39558,NA,NA
2017-01-15 19:56:50,VR2W-110768,A69-1601-27071,,NA,,,WCO_Winfield Scott,34.00868,-119.39558,NA,NA
2017-01-15 19:58:36,VR2W-110768,A69-1601-27071,,NA,,,WCO_Winfield Scott,34.00868,-119.39558,NA,NA
2017-01-15 20:00:01,VR2W-110768,A69-1601-27071,,NA,,,WCO_Winfield Scott,34.00868,-119.39558,NA,NA
2017-01-15 20:06:14,VR2W-110768,A69-1601-27071,,NA,,,WCO_Winfield Scott,34.00868,-119.39558,NA,NA
2017-01-15 20:09:27,VR2W-110768,A69-1601-27071,,NA,,,WCO_Winfield Scott,34.00868,-119.39558,NA,NA
2017-01-15 20:12:00,VR2W-110768,A69-1601-27071,,NA,,,WCO_Winfield Scott,34.00868,-119.39558,NA,NA
2017-01-15 20:13:33,VR2W-110768,A69-1601-27071,,NA,,,WCO_Winfield Scott,34.00868,-119.39558,NA,NA
2017-01-15 20:15:07,VR2W-110768,A69-1601-27071,,NA,,,WCO_Winfield Scott,34.00868,-119.39558,NA,NA
2017-01-17 16:11:54,VR2W-110768,A69-1601-27071,,NA,,,WCO_Winfield Scott,34.00868,-119.39558,NA,NA
2017-01-17 16:28:57,VR2W-110768,A69-1601-27071,,NA,,,WCO_Winfield Scott,34.00868,-119.39558,NA,NA
2017-01-17 16:30:10,VR2W-110768,A69-1601-27071,,NA,,,WCO_Winfield Scott,34.00868,-119.39558,NA,NA
2017-01-17 16:31:04,VR2W-110768,A69-1601-27071,,NA,,,WCO_Winfield Scott,34.00868,-119.39558,NA,NA
2017-01-17 16:32:18,VR2W-110768,A69-1601-27071,,NA,,,WCO_Winfield Scott,34.00868,-119.39558,NA,NA
2017-01-17 16:33:12,VR2W-110768,A69-1601-27071,,NA,,,WCO_Winfield Scott,34.00868,-119.39558,NA,NA
2017-01-17 19:12:48,VR2W-110768,A69-1601-27071,,NA,,,WCO_Winfield Scott,34.00868,-119.39558,NA,NA
2017-01-17 19:17:59,VR2W-110768,A69-1601-27071,,NA,,,WCO_Winfield Scott,34.00868,-119.39558,NA,NA
2017-01-17 19:22:31,VR2W-110768,A69-1601-27071,,NA,,,WCO_Winfield Scott,34.00868,-119.39558,NA,NA
2017-01-17 19:24:50,VR2W-110768,A69-1601-27071,,NA,,,WCO_Winfield Scott,34.00868,-119.39558,NA,NA
2017-01-17 19:27:45,VR2W-110768,A69-1601-27071,,NA,,,WCO_Winfield Scott,34.00868,-119.39558,NA,NA
2017-01-17 19:35:40,VR2W-110768,A69-1601-27071,,NA,,,WCO_Winfield Scott,34.00868,-119.39558,NA,NA
2017-02-25 23:40:54,VR2W-113881,A69-1601-27071,,NA,,,WCO_Valley,33.97822,-119.66998,NA,NA
2017-02-27 00:34:59,VR2W-113881,A69-1601-27071,,NA,,,WCO_Valley,33.97822,-119.66998,NA,NA
2017-02-27 00:37:08,VR2W-113881,A69-1601-27071,,NA,,,WCO_Valley,33.97822,-119.66998,NA,NA
2017-03-02 07:50:34,VR2W-110768,A69-1601-27071,,NA,,,WCO_Winfield Scott,34.00868,-119.39558,NA,NA
2017-03-02 07:51:21,VR2W-110768,A69-1601-27071,,NA,,,WCO_Winfield Scott,34.00868,-119.39558,NA,NA
2017-03-02 07:52:20,VR2W-110768,A69-1601-27071,,NA,,,WCO_Winfield Scott,34.00868,-119.39558,NA,NA
2017-03-02 07:56:04,VR2W-110768,A69-1601-27071,,NA,,,WCO_Winfield Scott,34.00868,-119.39558,NA,NA
2017-03-22 17:44:00,VR2W-121274,A69-1601-27071,,NA,,,WCO_Scorpion,34.05487,-119.55995,NA,NA
2017-03-22 17:46:40,VR2W-121274,A69-1601-27071,,NA,,,WCO_Scorpion,34.05487,-119.55995,NA,NA
2017-03-22 17:47:38,VR2W-121274,A69-1601-27071,,NA,,,WCO_Scorpion,34.05487,-119.55995,NA,NA
2017-03-22 17:51:01,VR2W-121274,A69-1601-27071,,NA,,,WCO_Scorpion,34.05487,-119.55995,NA,NA
2017-03-22 17:52:05,VR2W-121274,A69-1601-27071,,NA,,,WCO_Scorpion,34.05487,-119.55995,NA,NA
2017-03-22 17:53:15,VR2W-121274,A69-1601-27071,,NA,,,WCO_Scorpion,34.05487,-119.55995,NA,NA
2017-03-22 17:53:53,VR2W-121274,A69-1601-27071,,NA,,,WCO_Scorpion,34.05487,-119.55995,NA,NA
2017-03-22 21:33:35,VR2W-121274,A69-1601-27071,,NA,,,WCO_Scorpion,34.05487,-119.55995,NA,NA
2017-03-22 21:36:27,VR2W-121274,A69-1601-27071,,NA,,,WCO_Scorpion,34.05487,-119.55995,NA,NA
2017-03-22 21:37:48,VR2W-121274,A69-1601-27071,,NA,,,WCO_Scorpion,34.05487,-119.55995,NA,NA
2017-03-22 21:38:56,VR2W-121274,A69-1601-27071,,NA,,,WCO_Scorpion,34.05487,-119.55995,NA,NA
2017-03-22 21:39:40,VR2W-121274,A69-1601-27071,,NA,,,WCO_Scorpion,34.05487,-119.55995,NA,NA
2017-03-22 21:40:33,VR2W-121274,A69-1601-27071,,NA,,,WCO_Scorpion,34.05487,-119.55995,NA,NA
2017-03-22 21:41:46,VR2W-121274,A69-1601-27071,,NA,,,WCO_Scorpion,34.05487,-119.55995,NA,NA
2017-03-22 21:42:39,VR2W-121274,A69-1601-27071,,NA,,,WCO_Scorpion,34.05487,-119.55995,NA,NA
2017-03-22 21:44:42,VR2W-121274,A69-1601-27071,,NA,,,WCO_Scorpion,34.05487,-119.55995,NA,NA
2017-03-26 17:18:21,VR2W-110768,A69-1601-27071,,NA,,,WCO_Winfield Scott,34.00868,-119.39558,NA,NA
2017-03-26 17:19:46,VR2W-110768,A69-1601-27071,,NA,,,WCO_Winfield Scott,34.00868,-119.39558,NA,NA
2017-03-26 17:27:38,VR2W-110768,A69-1601-27071,,NA,,,WCO_Winfield Scott,34.00868,-119.39558,NA,NA
2017-03-26 17:33:02,VR2W-110768,A69-1601-27071,,NA,,,WCO_Winfield Scott,34.00868,-119.39558,NA,NA
2017-03-26 17:33:51,VR2W-110768,A69-1601-27071,,NA,,,WCO_Winfield Scott,34.00868,-119.39558,NA,NA
2017-03-26 17:37:22,VR2W-110768,A69-1601-27071,,NA,,,WCO_Winfield Scott,34.00868,-119.39558,NA,NA
2017-03-26 17:40:46,VR2W-110768,A69-1601-27071,,NA,,,WCO_Winfield Scott,34.00868,-119.39558,NA,NA
2017-03-26 17:42:16,VR2W-110768,A69-1601-27071,,NA,,,WCO_Winfield Scott,34.00868,-119.39558,NA,NA
2017-03-26 17:46:20,VR2W-110768,A69-1601-27071,,NA,,,WCO_Winfield Scott,34.00868,-119.39558,NA,NA
2017-03-26 17:47:12,VR2W-110768,A69-1601-27071,,NA,,,WCO_Winfield Scott,34.00868,-119.39558,NA,NA
2017-03-26 17:50:02,VR2W-110768,A69-1601-27071,,NA,,,WCO_Winfield Scott,34.00868,-119.39558,NA,NA
2017-03-26 17:53:37,VR2W-110768,A69-1601-27071,,NA,,,WCO_Winfield Scott,34.00868,-119.39558,NA,NA
2017-03-26 17:57:23,VR2W-110768,A69-1601-27071,,NA,,,WCO_Winfield Scott,34.00868,-119.39558,NA,NA
2017-03-26 18:11:09,VR2W-110768,A69-1601-27071,,NA,,,WCO_Winfield Scott,34.00868,-119.39558,NA,NA
2017-03-26 18:12:17,VR2W-110768,A69-1601-27071,,NA,,,WCO_Winfield Scott,34.00868,-119.39558,NA,NA
2017-03-26 18:13:00,VR2W-110768,A69-1601-27071,,NA,,,WCO_Winfield Scott,34.00868,-119.39558,NA,NA
2017-03-26 18:13:52,VR2W-110768,A69-1601-27071,,NA,,,WCO_Winfield Scott,34.00868,-119.39558,NA,NA
2017-03-26 18:15:02,VR2W-110768,A69-1601-27071,,NA,,,WCO_Winfield Scott,34.00868,-119.39558,NA,NA
2017-03-26 18:26:34,VR2W-110768,A69-1601-27071,,NA,,,WCO_Winfield Scott,34.00868,-119.39558,NA,NA
2017-03-26 18:28:10,VR2W-110768,A69-1601-27071,,NA,,,WCO_Winfield Scott,34.00868,-119.39558,NA,NA
2017-03-26 18:32:01,VR2W-110768,A69-1601-27071,,NA,,,WCO_Winfield Scott,34.00868,-119.39558,NA,NA
2017-04-02 16:15:40,VR2W-110768,A69-1601-27071,,NA,,,WCO_Winfield Scott,34.00868,-119.39558,NA,NA
2017-04-02 16:32:55,VR2W-110768,A69-1601-27071,,NA,,,WCO_Winfield Scott,34.00868,-119.39558,NA,NA
2017-04-02 16:35:19,VR2W-110768,A69-1601-27071,,NA,,,WCO_Winfield Scott,34.00868,-119.39558,NA,NA
2017-04-02 17:36:34,VR2W-110768,A69-1601-27071,,NA,,,WCO_Winfield Scott,34.00868,-119.39558,NA,NA
2017-04-06 13:01:06,VR2W-110768,A69-1601-27071,,NA,,,WCO_Winfield Scott,34.00868,-119.39558,NA,NA
2017-04-06 13:04:33,VR2W-110768,A69-1601-27071,,NA,,,WCO_Winfield Scott,34.00868,-119.39558,NA,NA
2017-04-06 14:04:55,VR2W-110768,A69-1601-27071,,NA,,,WCO_Winfield Scott,34.00868,-119.39558,NA,NA
2017-04-06 14:06:13,VR2W-110768,A69-1601-27071,,NA,,,WCO_Winfield Scott,34.00868,-119.39558,NA,NA
2017-04-06 14:57:47,VR2W-110768,A69-1601-27071,,NA,,,WCO_Winfield Scott,34.00868,-119.39558,NA,NA
2017-04-06 14:58:24,VR2W-110768,A69-1601-27071,,NA,,,WCO_Winfield Scott,34.00868,-119.39558,NA,NA
2017-04-06 15:02:00,VR2W-110768,A69-1601-27071,,NA,,,WCO_Winfield Scott,34.00868,-119.39558,NA,NA
2017-04-06 15:08:09,VR2W-110768,A69-1601-27071,,NA,,,WCO_Winfield Scott,34.00868,-119.39558,NA,NA
2017-04-06 15:11:31,VR2W-110768,A69-1601-27071,,NA,,,WCO_Winfield Scott,34.00868,-119.39558,NA,NA
2017-04-06 15:12:35,VR2W-110768,A69-1601-27071,,NA,,,WCO_Winfield Scott,34.00868,-119.39558,NA,NA
2017-04-06 15:13:08,VR2W-110768,A69-1601-27071,,NA,,,WCO_Winfield Scott,34.00868,-119.39558,NA,NA
2017-04-06 15:14:16,VR2W-110768,A69-1601-27071,,NA,,,WCO_Winfield Scott,34.00868,-119.39558,NA,NA
2017-04-06 15:15:25,VR2W-110768,A69-1601-27071,,NA,,,WCO_Winfield Scott,34.00868,-119.39558,NA,NA
2017-04-06 15:16:40,VR2W-110768,A69-1601-27071,,NA,,,WCO_Winfield Scott,34.00868,-119.39558,NA,NA
2017-04-06 15:27:24,VR2W-110768,A69-1601-27071,,NA,,,WCO_Winfield Scott,34.00868,-119.39558,NA,NA
2017-04-06 15:28:17,VR2W-110768,A69-1601-27071,,NA,,,WCO_Winfield Scott,34.00868,-119.39558,NA,NA
2017-04-06 15:29:28,VR2W-110768,A69-1601-27071,,NA,,,WCO_Winfield Scott,34.00868,-119.39558,NA,NA
2017-04-06 15:31:24,VR2W-110768,A69-1601-27071,,NA,,,WCO_Winfield Scott,34.00868,-119.39558,NA,NA
2017-04-06 15:32:03,VR2W-110768,A69-1601-27071,,NA,,,WCO_Winfield Scott,34.00868,-119.39558,NA,NA
2017-04-06 15:32:47,VR2W-110768,A69-1601-27071,,NA,,,WCO_Winfield Scott,34.00868,-119.39558,NA,NA
2017-04-06 15:33:42,VR2W-110768,A69-1601-27071,,NA,,,WCO_Winfield Scott,34.00868,-119.39558,NA,NA
2017-04-06 15:35:54,VR2W-110768,A69-1601-27071,,NA,,,WCO_Winfield Scott,34.00868,-119.39558,NA,NA
2017-04-06 15:37:14,VR2W-110768,A69-1601-27071,,NA,,,WCO_Winfield Scott,34.00868,-119.39558,NA,NA
2017-04-06 15:38:20,VR2W-110768,A69-1601-27071,,NA,,,WCO_Winfield Scott,34.00868,-119.39558,NA,NA
2017-04-06 15:40:44,VR2W-110768,A69-1601-27071,,NA,,,WCO_Winfield Scott,34.00868,-119.39558,NA,NA
2017-04-06 15:43:20,VR2W-110768,A69-1601-27071,,NA,,,WCO_Winfield Scott,34.00868,-119.39558,NA,NA
2017-04-06 15:44:11,VR2W-110768,A69-1601-27071,,NA,,,WCO_Winfield Scott,34.00868,-119.39558,NA,NA
2017-04-06 15:45:21,VR2W-110768,A69-1601-27071,,NA,,,WCO_Winfield Scott,34.00868,-119.39558,NA,NA
2017-04-06 15:47:03,VR2W-110768,A69-1601-27071,,NA,,,WCO_Winfield Scott,34.00868,-119.39558,NA,NA
2017-04-06 15:48:23,VR2W-110768,A69-1601-27071,,NA,,,WCO_Winfield Scott,34.00868,-119.39558,NA,NA
2017-04-06 15:49:30,VR2W-110768,A69-1601-27071,,NA,,,WCO_Winfield Scott,34.00868,-119.39558,NA,NA
2017-04-06 15:50:11,VR2W-110768,A69-1601-27071,,NA,,,WCO_Winfield Scott,34.00868,-119.39558,NA,NA
2017-04-06 15:50:58,VR2W-110768,A69-1601-27071,,NA,,,WCO_Winfield Scott,34.00868,-119.39558,NA,NA
2017-04-06 15:52:00,VR2W-110768,A69-1601-27071,,NA,,,WCO_Winfield Scott,34.00868,-119.39558,NA,NA
2017-04-06 15:53:30,VR2W-110768,A69-1601-27071,,NA,,,WCO_Winfield Scott,34.00868,-119.39558,NA,NA
2017-04-06 15:54:56,VR2W-110768,A69-1601-27071,,NA,,,WCO_Winfield Scott,34.00868,-119.39558,NA,NA
2017-04-06 15:56:15,VR2W-110768,A69-1601-27071,,NA,,,WCO_Winfield Scott,34.00868,-119.39558,NA,NA
2017-04-06 15:57:19,VR2W-110768,A69-1601-27071,,NA,,,WCO_Winfield Scott,34.00868,-119.39558,NA,NA
2017-04-06 15:57:54,VR2W-110768,A69-1601-27071,,NA,,,WCO_Winfield Scott,34.00868,-119.39558,NA,NA
2017-04-06 15:58:31,VR2W-110768,A69-1601-27071,,NA,,,WCO_Winfield Scott,34.00868,-119.39558,NA,NA
2017-04-06 15:59:11,VR2W-110768,A69-1601-27071,,NA,,,WCO_Winfield Scott,34.00868,-119.39558,NA,NA
2017-04-06 15:59:57,VR2W-110768,A69-1601-27071,,NA,,,WCO_Winfield Scott,34.00868,-119.39558,NA,NA
2017-04-06 16:00:55,VR2W-110768,A69-1601-27071,,NA,,,WCO_Winfield Scott,34.00868,-119.39558,NA,NA
2017-04-06 16:02:17,VR2W-110768,A69-1601-27071,,NA,,,WCO_Winfield Scott,34.00868,-119.39558,NA,NA
2017-04-06 16:03:28,VR2W-110768,A69-1601-27071,,NA,,,WCO_Winfield Scott,34.00868,-119.39558,NA,NA
2017-04-06 16:04:17,VR2W-110768,A69-1601-27071,,NA,,,WCO_Winfield Scott,34.00868,-119.39558,NA,NA
2017-04-06 16:05:21,VR2W-110768,A69-1601-27071,,NA,,,WCO_Winfield Scott,34.00868,-119.39558,NA,NA
2017-04-06 16:05:55,VR2W-110768,A69-1601-27071,,NA,,,WCO_Winfield Scott,34.00868,-119.39558,NA,NA
2017-04-06 16:06:30,VR2W-110768,A69-1601-27071,,NA,,,WCO_Winfield Scott,34.00868,-119.39558,NA,NA
2017-04-06 16:07:06,VR2W-110768,A69-1601-27071,,NA,,,WCO_Winfield Scott,34.00868,-119.39558,NA,NA
2017-04-06 16:07:44,VR2W-110768,A69-1601-27071,,NA,,,WCO_Winfield Scott,34.00868,-119.39558,NA,NA
2017-04-06 16:08:26,VR2W-110768,A69-1601-27071,,NA,,,WCO_Winfield Scott,34.00868,-119.39558,NA,NA
2017-04-06 16:09:17,VR2W-110768,A69-1601-27071,,NA,,,WCO_Winfield Scott,34.00868,-119.39558,NA,NA
2017-04-06 16:10:26,VR2W-110768,A69-1601-27071,,NA,,,WCO_Winfield Scott,34.00868,-119.39558,NA,NA
2017-04-06 16:11:10,VR2W-110768,A69-1601-27071,,NA,,,WCO_Winfield Scott,34.00868,-119.39558,NA,NA
2017-04-06 16:12:05,VR2W-110768,A69-1601-27071,,NA,,,WCO_Winfield Scott,34.00868,-119.39558,NA,NA
2017-04-06 16:13:21,VR2W-110768,A69-1601-27071,,NA,,,WCO_Winfield Scott,34.00868,-119.39558,NA,NA
2017-04-06 16:14:19,VR2W-110768,A69-1601-27071,,NA,,,WCO_Winfield Scott,34.00868,-119.39558,NA,NA
2017-04-06 16:15:43,VR2W-110768,A69-1601-27071,,NA,,,WCO_Winfield Scott,34.00868,-119.39558,NA,NA
2017-04-06 16:16:57,VR2W-110768,A69-1601-27071,,NA,,,WCO_Winfield Scott,34.00868,-119.39558,NA,NA
2017-04-06 16:17:51,VR2W-110768,A69-1601-27071,,NA,,,WCO_Winfield Scott,34.00868,-119.39558,NA,NA
2017-04-06 16:19:05,VR2W-110768,A69-1601-27071,,NA,,,WCO_Winfield Scott,34.00868,-119.39558,NA,NA
2017-04-06 16:20:01,VR2W-110768,A69-1601-27071,,NA,,,WCO_Winfield Scott,34.00868,-119.39558,NA,NA
2017-04-06 16:21:20,VR2W-110768,A69-1601-27071,,NA,,,WCO_Winfield Scott,34.00868,-119.39558,NA,NA
2017-04-06 16:22:23,VR2W-110768,A69-1601-27071,,NA,,,WCO_Winfield Scott,34.00868,-119.39558,NA,NA
2017-04-06 16:25:30,VR2W-110768,A69-1601-27071,,NA,,,WCO_Winfield Scott,34.00868,-119.39558,NA,NA
2017-04-06 16:27:02,VR2W-110768,A69-1601-27071,,NA,,,WCO_Winfield Scott,34.00868,-119.39558,NA,NA
2017-04-06 16:28:34,VR2W-110768,A69-1601-27071,,NA,,,WCO_Winfield Scott,34.00868,-119.39558,NA,NA
2017-04-06 16:30:04,VR2W-110768,A69-1601-27071,,NA,,,WCO_Winfield Scott,34.00868,-119.39558,NA,NA
2017-04-06 16:31:31,VR2W-110768,A69-1601-27071,,NA,,,WCO_Winfield Scott,34.00868,-119.39558,NA,NA
2017-04-06 16:32:51,VR2W-110768,A69-1601-27071,,NA,,,WCO_Winfield Scott,34.00868,-119.39558,NA,NA
2017-04-06 16:33:57,VR2W-110768,A69-1601-27071,,NA,,,WCO_Winfield Scott,34.00868,-119.39558,NA,NA
2017-04-06 16:34:37,VR2W-110768,A69-1601-27071,,NA,,,WCO_Winfield Scott,34.00868,-119.39558,NA,NA
2017-04-06 16:35:22,VR2W-110768,A69-1601-27071,,NA,,,WCO_Winfield Scott,34.00868,-119.39558,NA,NA
2017-04-06 16:36:20,VR2W-110768,A69-1601-27071,,NA,,,WCO_Winfield Scott,34.00868,-119.39558,NA,NA
2017-04-06 16:37:41,VR2W-110768,A69-1601-27071,,NA,,,WCO_Winfield Scott,34.00868,-119.39558,NA,NA
2017-04-06 16:38:50,VR2W-110768,A69-1601-27071,,NA,,,WCO_Winfield Scott,34.00868,-119.39558,NA,NA
2017-04-06 16:39:34,VR2W-110768,A69-1601-27071,,NA,,,WCO_Winfield Scott,34.00868,-119.39558,NA,NA
2017-04-06 16:40:29,VR2W-110768,A69-1601-27071,,NA,,,WCO_Winfield Scott,34.00868,-119.39558,NA,NA
2017-04-06 16:41:45,VR2W-110768,A69-1601-27071,,NA,,,WCO_Winfield Scott,34.00868,-119.39558,NA,NA
2017-04-06 16:42:45,VR2W-110768,A69-1601-27071,,NA,,,WCO_Winfield Scott,34.00868,-119.39558,NA,NA
2017-04-06 16:44:11,VR2W-110768,A69-1601-27071,,NA,,,WCO_Winfield Scott,34.00868,-119.39558,NA,NA
2017-04-06 16:45:28,VR2W-110768,A69-1601-27071,,NA,,,WCO_Winfield Scott,34.00868,-119.39558,NA,NA
2017-04-06 16:46:30,VR2W-110768,A69-1601-27071,,NA,,,WCO_Winfield Scott,34.00868,-119.39558,NA,NA
2017-04-06 16:48:00,VR2W-110768,A69-1601-27071,,NA,,,WCO_Winfield Scott,34.00868,-119.39558,NA,NA
2017-04-06 16:49:27,VR2W-110768,A69-1601-27071,,NA,,,WCO_Winfield Scott,34.00868,-119.39558,NA,NA
2017-04-06 16:50:46,VR2W-110768,A69-1601-27071,,NA,,,WCO_Winfield Scott,34.00868,-119.39558,NA,NA
2017-04-06 16:51:52,VR2W-110768,A69-1601-27071,,NA,,,WCO_Winfield Scott,34.00868,-119.39558,NA,NA
2017-04-06 16:52:30,VR2W-110768,A69-1601-27071,,NA,,,WCO_Winfield Scott,34.00868,-119.39558,NA,NA
2017-04-06 16:53:12,VR2W-110768,A69-1601-27071,,NA,,,WCO_Winfield Scott,34.00868,-119.39558,NA,NA
2017-04-06 16:54:02,VR2W-110768,A69-1601-27071,,NA,,,WCO_Winfield Scott,34.00868,-119.39558,NA,NA
2017-04-06 16:55:09,VR2W-110768,A69-1601-27071,,NA,,,WCO_Winfield Scott,34.00868,-119.39558,NA,NA
2017-04-06 16:55:49,VR2W-110768,A69-1601-27071,,NA,,,WCO_Winfield Scott,34.00868,-119.39558,NA,NA
2017-04-06 16:56:36,VR2W-110768,A69-1601-27071,,NA,,,WCO_Winfield Scott,34.00868,-119.39558,NA,NA
2017-04-06 16:57:38,VR2W-110768,A69-1601-27071,,NA,,,WCO_Winfield Scott,34.00868,-119.39558,NA,NA
2017-04-06 16:59:06,VR2W-110768,A69-1601-27071,,NA,,,WCO_Winfield Scott,34.00868,-119.39558,NA,NA
2017-04-06 17:00:29,VR2W-110768,A69-1601-27071,,NA,,,WCO_Winfield Scott,34.00868,-119.39558,NA,NA
2017-04-06 17:01:43,VR2W-110768,A69-1601-27071,,NA,,,WCO_Winfield Scott,34.00868,-119.39558,NA,NA
2017-04-06 17:02:36,VR2W-110768,A69-1601-27071,,NA,,,WCO_Winfield Scott,34.00868,-119.39558,NA,NA
2017-04-06 17:03:48,VR2W-110768,A69-1601-27071,,NA,,,WCO_Winfield Scott,34.00868,-119.39558,NA,NA
2017-04-06 17:04:41,VR2W-110768,A69-1601-27071,,NA,,,WCO_Winfield Scott,34.00868,-119.39558,NA,NA
2017-04-06 17:05:51,VR2W-110768,A69-1601-27071,,NA,,,WCO_Winfield Scott,34.00868,-119.39558,NA,NA
2017-04-06 17:06:39,VR2W-110768,A69-1601-27071,,NA,,,WCO_Winfield Scott,34.00868,-119.39558,NA,NA
2017-04-06 17:07:41,VR2W-110768,A69-1601-27071,,NA,,,WCO_Winfield Scott,34.00868,-119.39558,NA,NA
2017-04-06 17:09:12,VR2W-110768,A69-1601-27071,,NA,,,WCO_Winfield Scott,34.00868,-119.39558,NA,NA
2017-04-06 17:10:39,VR2W-110768,A69-1601-27071,,NA,,,WCO_Winfield Scott,34.00868,-119.39558,NA,NA
2017-04-06 17:12:02,VR2W-110768,A69-1601-27071,,NA,,,WCO_Winfield Scott,34.00868,-119.39558,NA,NA
2017-04-06 17:13:12,VR2W-110768,A69-1601-27071,,NA,,,WCO_Winfield Scott,34.00868,-119.39558,NA,NA
2017-04-06 17:14:01,VR2W-110768,A69-1601-27071,,NA,,,WCO_Winfield Scott,34.00868,-119.39558,NA,NA
2017-04-06 17:15:03,VR2W-110768,A69-1601-27071,,NA,,,WCO_Winfield Scott,34.00868,-119.39558,NA,NA
2017-04-06 17:16:35,VR2W-110768,A69-1601-27071,,NA,,,WCO_Winfield Scott,34.00868,-119.39558,NA,NA
2017-04-06 17:18:06,VR2W-110768,A69-1601-27071,,NA,,,WCO_Winfield Scott,34.00868,-119.39558,NA,NA
2017-04-06 17:20:53,VR2W-110768,A69-1601-27071,,NA,,,WCO_Winfield Scott,34.00868,-119.39558,NA,NA
2017-04-06 17:22:01,VR2W-110768,A69-1601-27071,,NA,,,WCO_Winfield Scott,34.00868,-119.39558,NA,NA
2017-04-06 17:22:44,VR2W-110768,A69-1601-27071,,NA,,,WCO_Winfield Scott,34.00868,-119.39558,NA,NA
2017-04-06 17:23:36,VR2W-110768,A69-1601-27071,,NA,,,WCO_Winfield Scott,34.00868,-119.39558,NA,NA
2017-04-06 17:24:45,VR2W-110768,A69-1601-27071,,NA,,,WCO_Winfield Scott,34.00868,-119.39558,NA,NA
2017-04-06 17:25:30,VR2W-110768,A69-1601-27071,,NA,,,WCO_Winfield Scott,34.00868,-119.39558,NA,NA
2017-04-06 17:26:27,VR2W-110768,A69-1601-27071,,NA,,,WCO_Winfield Scott,34.00868,-119.39558,NA,NA
2017-04-06 17:27:47,VR2W-110768,A69-1601-27071,,NA,,,WCO_Winfield Scott,34.00868,-119.39558,NA,NA
2017-04-06 17:28:54,VR2W-110768,A69-1601-27071,,NA,,,WCO_Winfield Scott,34.00868,-119.39558,NA,NA
2017-04-06 17:30:22,VR2W-110768,A69-1601-27071,,NA,,,WCO_Winfield Scott,34.00868,-119.39558,NA,NA
2017-04-06 17:31:24,VR2W-110768,A69-1601-27071,,NA,,,WCO_Winfield Scott,34.00868,-119.39558,NA,NA
2017-04-06 17:32:53,VR2W-110768,A69-1601-27071,,NA,,,WCO_Winfield Scott,34.00868,-119.39558,NA,NA
2017-04-06 17:34:19,VR2W-110768,A69-1601-27071,,NA,,,WCO_Winfield Scott,34.00868,-119.39558,NA,NA
2017-04-06 17:36:40,VR2W-110768,A69-1601-27071,,NA,,,WCO_Winfield Scott,34.00868,-119.39558,NA,NA
2017-04-06 17:38:12,VR2W-110768,A69-1601-27071,,NA,,,WCO_Winfield Scott,34.00868,-119.39558,NA,NA
2017-04-06 17:41:10,VR2W-110768,A69-1601-27071,,NA,,,WCO_Winfield Scott,34.00868,-119.39558,NA,NA
2017-04-06 17:42:31,VR2W-110768,A69-1601-27071,,NA,,,WCO_Winfield Scott,34.00868,-119.39558,NA,NA
2017-04-06 17:45:19,VR2W-110768,A69-1601-27071,,NA,,,WCO_Winfield Scott,34.00868,-119.39558,NA,NA
2017-04-06 17:46:36,VR2W-110768,A69-1601-27071,,NA,,,WCO_Winfield Scott,34.00868,-119.39558,NA,NA
2017-04-06 17:47:37,VR2W-110768,A69-1601-27071,,NA,,,WCO_Winfield Scott,34.00868,-119.39558,NA,NA
2017-04-06 17:50:27,VR2W-110768,A69-1601-27071,,NA,,,WCO_Winfield Scott,34.00868,-119.39558,NA,NA
2017-04-06 17:52:26,VR2W-110768,A69-1601-27071,,NA,,,WCO_Winfield Scott,34.00868,-119.39558,NA,NA
2017-04-06 17:53:30,VR2W-110768,A69-1601-27071,,NA,,,WCO_Winfield Scott,34.00868,-119.39558,NA,NA
2017-04-06 17:55:03,VR2W-110768,A69-1601-27071,,NA,,,WCO_Winfield Scott,34.00868,-119.39558,NA,NA
2017-04-06 17:56:36,VR2W-110768,A69-1601-27071,,NA,,,WCO_Winfield Scott,34.00868,-119.39558,NA,NA
2017-04-06 17:58:10,VR2W-110768,A69-1601-27071,,NA,,,WCO_Winfield Scott,34.00868,-119.39558,NA,NA
2017-04-06 17:59:43,VR2W-110768,A69-1601-27071,,NA,,,WCO_Winfield Scott,34.00868,-119.39558,NA,NA
2017-04-06 18:01:16,VR2W-110768,A69-1601-27071,,NA,,,WCO_Winfield Scott,34.00868,-119.39558,NA,NA
2017-04-06 18:02:50,VR2W-110768,A69-1601-27071,,NA,,,WCO_Winfield Scott,34.00868,-119.39558,NA,NA
2017-04-06 18:04:23,VR2W-110768,A69-1601-27071,,NA,,,WCO_Winfield Scott,34.00868,-119.39558,NA,NA
2017-04-06 18:05:56,VR2W-110768,A69-1601-27071,,NA,,,WCO_Winfield Scott,34.00868,-119.39558,NA,NA
2017-04-06 18:09:01,VR2W-110768,A69-1601-27071,,NA,,,WCO_Winfield Scott,34.00868,-119.39558,NA,NA
2017-04-06 18:10:32,VR2W-110768,A69-1601-27071,,NA,,,WCO_Winfield Scott,34.00868,-119.39558,NA,NA
2017-04-06 18:12:00,VR2W-110768,A69-1601-27071,,NA,,,WCO_Winfield Scott,34.00868,-119.39558,NA,NA
2017-04-06 18:13:23,VR2W-110768,A69-1601-27071,,NA,,,WCO_Winfield Scott,34.00868,-119.39558,NA,NA
2017-04-06 18:14:35,VR2W-110768,A69-1601-27071,,NA,,,WCO_Winfield Scott,34.00868,-119.39558,NA,NA
2017-04-06 18:16:36,VR2W-110768,A69-1601-27071,,NA,,,WCO_Winfield Scott,34.00868,-119.39558,NA,NA
2017-04-06 18:17:20,VR2W-110768,A69-1601-27071,,NA,,,WCO_Winfield Scott,34.00868,-119.39558,NA,NA
2017-04-06 18:18:15,VR2W-110768,A69-1601-27071,,NA,,,WCO_Winfield Scott,34.00868,-119.39558,NA,NA
2017-04-06 18:19:30,VR2W-110768,A69-1601-27071,,NA,,,WCO_Winfield Scott,34.00868,-119.39558,NA,NA
2017-04-06 18:21:52,VR2W-110768,A69-1601-27071,,NA,,,WCO_Winfield Scott,34.00868,-119.39558,NA,NA
2017-04-06 18:23:04,VR2W-110768,A69-1601-27071,,NA,,,WCO_Winfield Scott,34.00868,-119.39558,NA,NA
2017-04-06 18:23:57,VR2W-110768,A69-1601-27071,,NA,,,WCO_Winfield Scott,34.00868,-119.39558,NA,NA
2017-04-06 18:25:07,VR2W-110768,A69-1601-27071,,NA,,,WCO_Winfield Scott,34.00868,-119.39558,NA,NA
2017-04-06 18:25:55,VR2W-110768,A69-1601-27071,,NA,,,WCO_Winfield Scott,34.00868,-119.39558,NA,NA
2017-04-06 18:26:58,VR2W-110768,A69-1601-27071,,NA,,,WCO_Winfield Scott,34.00868,-119.39558,NA,NA
2017-04-06 18:28:29,VR2W-110768,A69-1601-27071,,NA,,,WCO_Winfield Scott,34.00868,-119.39558,NA,NA
2017-04-06 18:29:59,VR2W-110768,A69-1601-27071,,NA,,,WCO_Winfield Scott,34.00868,-119.39558,NA,NA
2017-04-06 18:31:24,VR2W-110768,A69-1601-27071,,NA,,,WCO_Winfield Scott,34.00868,-119.39558,NA,NA
2017-04-06 18:32:41,VR2W-110768,A69-1601-27071,,NA,,,WCO_Winfield Scott,34.00868,-119.39558,NA,NA
2017-04-06 18:33:41,VR2W-110768,A69-1601-27071,,NA,,,WCO_Winfield Scott,34.00868,-119.39558,NA,NA
2017-04-06 18:35:07,VR2W-110768,A69-1601-27071,,NA,,,WCO_Winfield Scott,34.00868,-119.39558,NA,NA
2017-04-06 18:36:26,VR2W-110768,A69-1601-27071,,NA,,,WCO_Winfield Scott,34.00868,-119.39558,NA,NA
2017-04-06 18:37:31,VR2W-110768,A69-1601-27071,,NA,,,WCO_Winfield Scott,34.00868,-119.39558,NA,NA
2017-04-06 18:38:07,VR2W-110768,A69-1601-27071,,NA,,,WCO_Winfield Scott,34.00868,-119.39558,NA,NA
2017-04-06 18:38:45,VR2W-110768,A69-1601-27071,,NA,,,WCO_Winfield Scott,34.00868,-119.39558,NA,NA
2017-04-06 18:39:28,VR2W-110768,A69-1601-27071,,NA,,,WCO_Winfield Scott,34.00868,-119.39558,NA,NA
2017-04-06 18:40:21,VR2W-110768,A69-1601-27071,,NA,,,WCO_Winfield Scott,34.00868,-119.39558,NA,NA
2017-04-06 18:42:20,VR2W-110768,A69-1601-27071,,NA,,,WCO_Winfield Scott,34.00868,-119.39558,NA,NA
2017-04-06 18:43:24,VR2W-110768,A69-1601-27071,,NA,,,WCO_Winfield Scott,34.00868,-119.39558,NA,NA
2017-04-06 18:43:58,VR2W-110768,A69-1601-27071,,NA,,,WCO_Winfield Scott,34.00868,-119.39558,NA,NA
2017-04-06 18:44:32,VR2W-110768,A69-1601-27071,,NA,,,WCO_Winfield Scott,34.00868,-119.39558,NA,NA
2017-04-06 18:45:06,VR2W-110768,A69-1601-27071,,NA,,,WCO_Winfield Scott,34.00868,-119.39558,NA,NA
2017-04-06 18:45:41,VR2W-110768,A69-1601-27071,,NA,,,WCO_Winfield Scott,34.00868,-119.39558,NA,NA
2017-04-06 18:46:55,VR2W-110768,A69-1601-27071,,NA,,,WCO_Winfield Scott,34.00868,-119.39558,NA,NA
2017-04-06 18:49:46,VR2W-110768,A69-1601-27071,,NA,,,WCO_Winfield Scott,34.00868,-119.39558,NA,NA
2017-04-06 18:50:41,VR2W-110768,A69-1601-27071,,NA,,,WCO_Winfield Scott,34.00868,-119.39558,NA,NA
2017-04-06 18:51:58,VR2W-110768,A69-1601-27071,,NA,,,WCO_Winfield Scott,34.00868,-119.39558,NA,NA
2017-04-06 18:52:57,VR2W-110768,A69-1601-27071,,NA,,,WCO_Winfield Scott,34.00868,-119.39558,NA,NA
2017-04-06 18:54:23,VR2W-110768,A69-1601-27071,,NA,,,WCO_Winfield Scott,34.00868,-119.39558,NA,NA
2017-04-06 18:55:40,VR2W-110768,A69-1601-27071,,NA,,,WCO_Winfield Scott,34.00868,-119.39558,NA,NA
2017-04-06 18:56:42,VR2W-110768,A69-1601-27071,,NA,,,WCO_Winfield Scott,34.00868,-119.39558,NA,NA
2017-04-06 18:58:10,VR2W-110768,A69-1601-27071,,NA,,,WCO_Winfield Scott,34.00868,-119.39558,NA,NA
2017-04-06 19:03:08,VR2W-110768,A69-1601-27071,,NA,,,WCO_Winfield Scott,34.00868,-119.39558,NA,NA
2017-04-06 19:06:50,VR2W-110768,A69-1601-27071,,NA,,,WCO_Winfield Scott,34.00868,-119.39558,NA,NA
2017-04-06 19:09:34,VR2W-110768,A69-1601-27071,,NA,,,WCO_Winfield Scott,34.00868,-119.39558,NA,NA
2017-04-06 19:12:25,VR2W-110768,A69-1601-27071,,NA,,,WCO_Winfield Scott,34.00868,-119.39558,NA,NA
2017-04-06 19:13:07,VR2W-110768,A69-1601-27071,,NA,,,WCO_Winfield Scott,34.00868,-119.39558,NA,NA
2017-04-06 19:13:56,VR2W-110768,A69-1601-27071,,NA,,,WCO_Winfield Scott,34.00868,-119.39558,NA,NA
2017-04-06 19:24:16,VR2W-110768,A69-1601-27071,,NA,,,WCO_Winfield Scott,34.00868,-119.39558,NA,NA
2017-04-06 19:29:11,VR2W-110768,A69-1601-27071,,NA,,,WCO_Winfield Scott,34.00868,-119.39558,NA,NA
2017-04-06 19:31:30,VR2W-110768,A69-1601-27071,,NA,,,WCO_Winfield Scott,34.00868,-119.39558,NA,NA
2017-04-06 19:35:26,VR2W-110768,A69-1601-27071,,NA,,,WCO_Winfield Scott,34.00868,-119.39558,NA,NA
2017-04-06 19:43:35,VR2W-110768,A69-1601-27071,,NA,,,WCO_Winfield Scott,34.00868,-119.39558,NA,NA
2017-04-06 19:44:32,VR2W-110768,A69-1601-27071,,NA,,,WCO_Winfield Scott,34.00868,-119.39558,NA,NA
2017-04-06 19:45:53,VR2W-110768,A69-1601-27071,,NA,,,WCO_Winfield Scott,34.00868,-119.39558,NA,NA
2017-04-06 19:57:03,VR2W-110768,A69-1601-27071,,NA,,,WCO_Winfield Scott,34.00868,-119.39558,NA,NA
2017-04-06 20:12:00,VR2W-110768,A69-1601-27071,,NA,,,WCO_Winfield Scott,34.00868,-119.39558,NA,NA
2017-04-06 20:18:38,VR2W-110768,A69-1601-27071,,NA,,,WCO_Winfield Scott,34.00868,-119.39558,NA,NA
2017-04-06 20:21:46,VR2W-110768,A69-1601-27071,,NA,,,WCO_Winfield Scott,34.00868,-119.39558,NA,NA
2017-04-06 22:17:01,VR2W-110768,A69-1601-27071,,NA,,,WCO_Winfield Scott,34.00868,-119.39558,NA,NA
2017-04-06 23:12:18,VR2W-110768,A69-1601-27071,,NA,,,WCO_Winfield Scott,34.00868,-119.39558,NA,NA
2017-04-06 23:26:40,VR2W-110768,A69-1601-27071,,NA,,,WCO_Winfield Scott,34.00868,-119.39558,NA,NA
2017-04-06 23:27:23,VR2W-110768,A69-1601-27071,,NA,,,WCO_Winfield Scott,34.00868,-119.39558,NA,NA
2017-04-07 00:18:54,VR2W-110768,A69-1601-27071,,NA,,,WCO_Winfield Scott,34.00868,-119.39558,NA,NA
2017-04-07 00:36:28,VR2W-110768,A69-1601-27071,,NA,,,WCO_Winfield Scott,34.00868,-119.39558,NA,NA
2017-04-07 01:10:50,VR2W-110768,A69-1601-27071,,NA,,,WCO_Winfield Scott,34.00868,-119.39558,NA,NA
2017-04-07 01:13:07,VR2W-110768,A69-1601-27071,,NA,,,WCO_Winfield Scott,34.00868,-119.39558,NA,NA
2017-04-07 01:27:47,VR2W-110768,A69-1601-27071,,NA,,,WCO_Winfield Scott,34.00868,-119.39558,NA,NA
2017-04-07 01:54:52,VR2W-110768,A69-1601-27071,,NA,,,WCO_Winfield Scott,34.00868,-119.39558,NA,NA
2017-04-07 01:55:42,VR2W-110768,A69-1601-27071,,NA,,,WCO_Winfield Scott,34.00868,-119.39558,NA,NA
2017-04-19 13:00:31,VR2W-110768,A69-1601-27071,,NA,,,WCO_Winfield Scott,34.00868,-119.39558,NA,NA
2017-04-19 13:01:52,VR2W-110768,A69-1601-27071,,NA,,,WCO_Winfield Scott,34.00868,-119.39558,NA,NA
2017-04-19 13:03:02,VR2W-110768,A69-1601-27071,,NA,,,WCO_Winfield Scott,34.00868,-119.39558,NA,NA
2018-08-15 17:33:26,VR2W-130873,A69-1601-27071,,NA,,,WCO_Winfield Scott,34.00868,-119.39558,NA,NA
2018-08-25 04:12:35,VR2W-130873,A69-1601-27071,,NA,,,WCO_Winfield Scott,34.00868,-119.39558,NA,NA
2018-08-25 05:11:56,VR2W-130873,A69-1601-27071,,NA,,,WCO_Winfield Scott,34.00868,-119.39558,NA,NA
2018-08-25 06:11:48,VR2W-130873,A69-1601-27071,,NA,,,WCO_Winfield Scott,34.00868,-119.39558,NA,NA
2018-08-25 06:54:06,VR2W-130873,A69-1601-27071,,NA,,,WCO_Winfield Scott,34.00868,-119.39558,NA,NA
2018-08-25 07:08:27,VR2W-130873,A69-1601-27071,,NA,,,WCO_Winfield Scott,34.00868,-119.39558,NA,NA
2018-08-25 07:42:47,VR2W-130873,A69-1601-27071,,NA,,,WCO_Winfield Scott,34.00868,-119.39558,NA,NA
2018-08-26 18:22:40,VR2W-110768,A69-1601-27071,,NA,,,WCO_Smugglers,34.01188,-119.53817,NA,NA
2018-08-26 18:29:17,VR2W-110768,A69-1601-27071,,NA,,,WCO_Smugglers,34.01188,-119.53817,NA,NA
2018-08-26 18:37:40,VR2W-110768,A69-1601-27071,,NA,,,WCO_Smugglers,34.01188,-119.53817,NA,NA
2018-09-19 20:04:38,VR2W-110768,A69-1601-27071,,NA,,,WCO_Smugglers,34.01188,-119.53817,NA,NA
2018-09-19 20:14:30,VR2W-110768,A69-1601-27071,,NA,,,WCO_Smugglers,34.01188,-119.53817,NA,NA
2018-09-21 01:25:07,VR2W-113881,A69-1601-27071,,NA,,,WCO_Valley,33.97822,-119.66998,NA,NA
2018-09-21 01:36:41,VR2W-113881,A69-1601-27071,,NA,,,WCO_Valley,33.97822,-119.66998,NA,NA
2018-09-21 01:44:41,VR2W-113881,A69-1601-27071,,NA,,,WCO_Valley,33.97822,-119.66998,NA,NA
2018-09-21 01:55:51,VR2W-113881,A69-1601-27071,,NA,,,WCO_Valley,33.97822,-119.66998,NA,NA
2018-09-21 02:12:37,VR2W-113881,A69-1601-27071,,NA,,,WCO_Valley,33.97822,-119.66998,NA,NA
2018-09-21 02:27:00,VR2W-113881,A69-1601-27071,,NA,,,WCO_Valley,33.97822,-119.66998,NA,NA
2018-09-21 02:52:36,VR2W-113881,A69-1601-27071,,NA,,,WCO_Valley,33.97822,-119.66998,NA,NA
2018-09-21 03:01:09,VR2W-113881,A69-1601-27071,,NA,,,WCO_Valley,33.97822,-119.66998,NA,NA
2018-09-22 02:50:33,VR2W-129793,A69-1601-27071,,NA,,,WCO_Valley,33.97822,-119.66998,NA,NA
2018-09-22 03:18:29,VR2W-129793,A69-1601-27071,,NA,,,WCO_Valley,33.97822,-119.66998,NA,NA
2018-09-22 11:21:54,VR2W-129793,A69-1601-27071,,NA,,,WCO_Valley,33.97822,-119.66998,NA,NA
2018-09-22 11:30:59,VR2W-129793,A69-1601-27071,,NA,,,WCO_Valley,33.97822,-119.66998,NA,NA
2018-09-23 09:15:46,VR2W-133753,A69-1601-27071,,NA,,,WCO_Smugglers,34.01188,-119.53817,NA,NA
2018-09-23 09:54:52,VR2W-133753,A69-1601-27071,,NA,,,WCO_Smugglers,34.01188,-119.53817,NA,NA
2018-09-25 15:31:28,VR2W-109181,A69-1601-27071,,NA,,,WCO_Scorpion,34.05487,-119.55995,NA,NA
2018-09-26 01:40:07,VR2W-109181,A69-1601-27071,,NA,,,WCO_Scorpion,34.05487,-119.55995,NA,NA
2018-09-26 03:50:57,VR2W-109181,A69-1601-27071,,NA,,,WCO_Scorpion,34.05487,-119.55995,NA,NA
2018-09-27 15:31:18,VR2W-103954,A69-1601-27071,,NA,,,WCO_Pelican,34.03068,-119.69667,NA,NA
2018-09-28 03:43:34,VR2W-109181,A69-1601-27071,,NA,,,WCO_Scorpion,34.05487,-119.55995,NA,NA
2018-09-28 09:08:01,VR2W-109181,A69-1601-27071,,NA,,,WCO_Scorpion,34.05487,-119.55995,NA,NA
2018-09-28 11:40:07,VR2W-109181,A69-1601-27071,,NA,,,WCO_Scorpion,34.05487,-119.55995,NA,NA
2018-09-28 12:20:24,VR2W-109181,A69-1601-27071,,NA,,,WCO_Scorpion,34.05487,-119.55995,NA,NA
2018-09-28 12:44:42,VR2W-109181,A69-1601-27071,,NA,,,WCO_Scorpion,34.05487,-119.55995,NA,NA
2018-09-28 13:00:43,VR2W-109181,A69-1601-27071,,NA,,,WCO_Scorpion,34.05487,-119.55995,NA,NA
2018-09-28 13:14:01,VR2W-109181,A69-1601-27071,,NA,,,WCO_Scorpion,34.05487,-119.55995,NA,NA
2018-09-29 01:11:06,VR2W-109181,A69-1601-27071,,NA,,,WCO_Scorpion,34.05487,-119.55995,NA,NA
2018-09-29 01:25:25,VR2W-109181,A69-1601-27071,,NA,,,WCO_Scorpion,34.05487,-119.55995,NA,NA
2018-09-29 01:38:46,VR2W-109181,A69-1601-27071,,NA,,,WCO_Scorpion,34.05487,-119.55995,NA,NA
2018-09-29 01:50:08,VR2W-109181,A69-1601-27071,,NA,,,WCO_Scorpion,34.05487,-119.55995,NA,NA
2018-09-29 01:57:28,VR2W-109181,A69-1601-27071,,NA,,,WCO_Scorpion,34.05487,-119.55995,NA,NA
2018-09-29 04:08:26,VR2W-109181,A69-1601-27071,,NA,,,WCO_Scorpion,34.05487,-119.55995,NA,NA
2018-09-30 02:57:10,VR2W-109181,A69-1601-27071,,NA,,,WCO_Scorpion,34.05487,-119.55995,NA,NA
2018-10-01 04:27:38,VR2W-109181,A69-1601-27071,,NA,,,WCO_Scorpion,34.05487,-119.55995,NA,NA
2018-10-01 05:56:35,VR2W-109181,A69-1601-27071,,NA,,,WCO_Scorpion,34.05487,-119.55995,NA,NA
2018-10-01 06:10:54,VR2W-109181,A69-1601-27071,,NA,,,WCO_Scorpion,34.05487,-119.55995,NA,NA
2018-10-01 06:52:00,VR2W-109181,A69-1601-27071,,NA,,,WCO_Scorpion,34.05487,-119.55995,NA,NA
2018-10-02 00:18:53,VR2W-109181,A69-1601-27071,,NA,,,WCO_Scorpion,34.05487,-119.55995,NA,NA
2018-10-02 00:30:50,VR2W-109181,A69-1601-27071,,NA,,,WCO_Scorpion,34.05487,-119.55995,NA,NA
2018-10-02 01:01:17,VR2W-109181,A69-1601-27071,,NA,,,WCO_Scorpion,34.05487,-119.55995,NA,NA
2018-10-02 01:15:18,VR2W-109181,A69-1601-27071,,NA,,,WCO_Scorpion,34.05487,-119.55995,NA,NA
2018-10-02 01:27:59,VR2W-109181,A69-1601-27071,,NA,,,WCO_Scorpion,34.05487,-119.55995,NA,NA
2018-10-02 01:38:04,VR2W-109181,A69-1601-27071,,NA,,,WCO_Scorpion,34.05487,-119.55995,NA,NA
2018-10-02 01:48:01,VR2W-109181,A69-1601-27071,,NA,,,WCO_Scorpion,34.05487,-119.55995,NA,NA
2018-10-02 01:53:11,VR2W-109181,A69-1601-27071,,NA,,,WCO_Scorpion,34.05487,-119.55995,NA,NA
2018-10-03 02:52:04,VR2W-109181,A69-1601-27071,,NA,,,WCO_Scorpion,34.05487,-119.55995,NA,NA
2018-10-04 05:16:10,VR2W-109181,A69-1601-27071,,NA,,,WCO_Scorpion,34.05487,-119.55995,NA,NA
2018-10-04 05:59:13,VR2W-109181,A69-1601-27071,,NA,,,WCO_Scorpion,34.05487,-119.55995,NA,NA
2018-10-04 06:07:54,VR2W-109181,A69-1601-27071,,NA,,,WCO_Scorpion,34.05487,-119.55995,NA,NA
2018-10-04 07:31:23,VR2W-109181,A69-1601-27071,,NA,,,WCO_Scorpion,34.05487,-119.55995,NA,NA
2018-10-05 22:13:02,VR2W-113881,A69-1601-27071,,NA,,,WCO_Scorpion,34.05487,-119.55995,NA,NA
2018-10-05 22:24:22,VR2W-113881,A69-1601-27071,,NA,,,WCO_Scorpion,34.05487,-119.55995,NA,NA
2018-10-05 23:41:23,VR2W-113881,A69-1601-27071,,NA,,,WCO_Scorpion,34.05487,-119.55995,NA,NA
2018-10-05 23:50:10,VR2W-113881,A69-1601-27071,,NA,,,WCO_Scorpion,34.05487,-119.55995,NA,NA
2018-10-06 00:02:51,VR2W-113881,A69-1601-27071,,NA,,,WCO_Scorpion,34.05487,-119.55995,NA,NA
2018-10-06 00:12:53,VR2W-113881,A69-1601-27071,,NA,,,WCO_Scorpion,34.05487,-119.55995,NA,NA
2018-10-06 13:15:47,VR2W-133753,A69-1601-27071,,NA,,,WCO_Smugglers,34.01188,-119.53817,NA,NA
2018-10-12 12:36:48,VR2W-133753,A69-1601-27071,,NA,,,WCO_Smugglers,34.01188,-119.53817,NA,NA
2018-10-19 13:14:25,VR2W-113881,A69-1601-27071,,NA,,,WCO_Scorpion,34.05487,-119.55995,NA,NA
2018-10-19 22:14:36,VR2W-113881,A69-1601-27071,,NA,,,WCO_Scorpion,34.05487,-119.55995,NA,NA
2018-10-19 22:25:03,VR2W-113881,A69-1601-27071,,NA,,,WCO_Scorpion,34.05487,-119.55995,NA,NA
2018-10-19 22:30:45,VR2W-113881,A69-1601-27071,,NA,,,WCO_Scorpion,34.05487,-119.55995,NA,NA
2018-10-19 22:37:10,VR2W-113881,A69-1601-27071,,NA,,,WCO_Scorpion,34.05487,-119.55995,NA,NA
2018-10-19 22:45:10,VR2W-113881,A69-1601-27071,,NA,,,WCO_Scorpion,34.05487,-119.55995,NA,NA
2018-10-19 22:56:15,VR2W-113881,A69-1601-27071,,NA,,,WCO_Scorpion,34.05487,-119.55995,NA,NA
2018-10-19 23:03:05,VR2W-113881,A69-1601-27071,,NA,,,WCO_Scorpion,34.05487,-119.55995,NA,NA
2018-10-20 02:48:30,VR2W-113881,A69-1601-27071,,NA,,,WCO_Scorpion,34.05487,-119.55995,NA,NA
2018-10-20 23:19:24,VR2W-123480,A69-1601-27071,,NA,,,WCO_Anacapa South,34.01028,-119.36802,NA,NA
2018-10-21 02:18:19,VR2W-123480,A69-1601-27071,,NA,,,WCO_Anacapa South,34.01028,-119.36802,NA,NA
2018-10-21 02:23:40,VR2W-123480,A69-1601-27071,,NA,,,WCO_Anacapa South,34.01028,-119.36802,NA,NA
2018-10-22 17:04:10,VR2W-123480,A69-1601-27071,,NA,,,WCO_Anacapa South,34.01028,-119.36802,NA,NA
2018-10-22 17:18:01,VR2W-123480,A69-1601-27071,,NA,,,WCO_Anacapa South,34.01028,-119.36802,NA,NA
2018-10-22 17:30:17,VR2W-123480,A69-1601-27071,,NA,,,WCO_Anacapa South,34.01028,-119.36802,NA,NA
2018-10-22 17:39:28,VR2W-123480,A69-1601-27071,,NA,,,WCO_Anacapa South,34.01028,-119.36802,NA,NA
2018-10-22 18:22:59,VR2W-123480,A69-1601-27071,,NA,,,WCO_Anacapa South,34.01028,-119.36802,NA,NA
2018-10-22 18:36:02,VR2W-123480,A69-1601-27071,,NA,,,WCO_Anacapa South,34.01028,-119.36802,NA,NA
2018-10-23 15:14:55,VR2W-123480,A69-1601-27071,,NA,,,WCO_Anacapa South,34.01028,-119.36802,NA,NA
2018-10-23 15:21:38,VR2W-123480,A69-1601-27071,,NA,,,WCO_Anacapa South,34.01028,-119.36802,NA,NA
2018-10-23 16:14:48,VR2W-123480,A69-1601-27071,,NA,,,WCO_Anacapa South,34.01028,-119.36802,NA,NA
2018-10-23 16:35:25,VR2W-123480,A69-1601-27071,,NA,,,WCO_Anacapa South,34.01028,-119.36802,NA,NA
2018-10-23 23:40:58,VR2W-123480,A69-1601-27071,,NA,,,WCO_Anacapa South,34.01028,-119.36802,NA,NA
2018-10-23 23:54:02,VR2W-123480,A69-1601-27071,,NA,,,WCO_Anacapa South,34.01028,-119.36802,NA,NA
2018-10-25 17:04:24,VR2W-123480,A69-1601-27071,,NA,,,WCO_Anacapa South,34.01028,-119.36802,NA,NA
2018-10-25 17:10:25,VR2W-123480,A69-1601-27071,,NA,,,WCO_Anacapa South,34.01028,-119.36802,NA,NA
2018-10-25 17:17:28,VR2W-123480,A69-1601-27071,,NA,,,WCO_Anacapa South,34.01028,-119.36802,NA,NA
2018-10-25 17:26:43,VR2W-123480,A69-1601-27071,,NA,,,WCO_Anacapa South,34.01028,-119.36802,NA,NA
2018-10-25 18:11:21,VR2W-123480,A69-1601-27071,,NA,,,WCO_Anacapa South,34.01028,-119.36802,NA,NA
2018-10-25 18:18:32,VR2W-123480,A69-1601-27071,,NA,,,WCO_Anacapa South,34.01028,-119.36802,NA,NA
2018-10-25 18:28:01,VR2W-123480,A69-1601-27071,,NA,,,WCO_Anacapa South,34.01028,-119.36802,NA,NA
2018-10-25 20:59:13,VR2W-123480,A69-1601-27071,,NA,,,WCO_Anacapa South,34.01028,-119.36802,NA,NA
2018-10-25 21:06:18,VR2W-123480,A69-1601-27071,,NA,,,WCO_Anacapa South,34.01028,-119.36802,NA,NA
2018-10-26 13:01:53,VR2W-123480,A69-1601-27071,,NA,,,WCO_Anacapa South,34.01028,-119.36802,NA,NA
2018-10-26 13:14:26,VR2W-123480,A69-1601-27071,,NA,,,WCO_Anacapa South,34.01028,-119.36802,NA,NA
2018-10-26 13:24:11,VR2W-123480,A69-1601-27071,,NA,,,WCO_Anacapa South,34.01028,-119.36802,NA,NA
2018-11-13 00:24:36,VR2W-123480,A69-1601-27071,,NA,,,WCO_Anacapa South,34.01028,-119.36802,NA,NA
2018-11-13 00:31:00,VR2W-123480,A69-1601-27071,,NA,,,WCO_Anacapa South,34.01028,-119.36802,NA,NA
2018-11-13 00:38:55,VR2W-123480,A69-1601-27071,,NA,,,WCO_Anacapa South,34.01028,-119.36802,NA,NA
2018-11-14 03:50:37,VR2W-123480,A69-1601-27071,,NA,,,WCO_Anacapa South,34.01028,-119.36802,NA,NA
2018-11-14 03:57:49,VR2W-123480,A69-1601-27071,,NA,,,WCO_Anacapa South,34.01028,-119.36802,NA,NA
2018-11-14 19:45:16,VR2W-123480,A69-1601-27071,,NA,,,WCO_Anacapa South,34.01028,-119.36802,NA,NA
2018-11-14 20:30:19,VR2W-123480,A69-1601-27071,,NA,,,WCO_Anacapa South,34.01028,-119.36802,NA,NA
2018-11-14 20:42:38,VR2W-123480,A69-1601-27071,,NA,,,WCO_Anacapa South,34.01028,-119.36802,NA,NA
2018-11-14 21:55:56,VR2W-123480,A69-1601-27071,,NA,,,WCO_Anacapa South,34.01028,-119.36802,NA,NA
2018-11-14 22:37:52,VR2W-123480,A69-1601-27071,,NA,,,WCO_Anacapa South,34.01028,-119.36802,NA,NA
2018-11-23 19:44:24,VR2W-123480,A69-1601-27071,,NA,,,WCO_Anacapa South,34.01028,-119.36802,NA,NA
2018-11-24 08:36:24,VR2W-108716,A69-1601-27071,,NA,,,WCO_Winfield Scott,34.00868,-119.39558,NA,NA
2018-11-24 09:31:09,VR2W-108716,A69-1601-27071,,NA,,,WCO_Winfield Scott,34.00868,-119.39558,NA,NA
2018-11-24 09:44:49,VR2W-108716,A69-1601-27071,,NA,,,WCO_Winfield Scott,34.00868,-119.39558,NA,NA
2018-11-24 10:05:23,VR2W-108716,A69-1601-27071,,NA,,,WCO_Winfield Scott,34.00868,-119.39558,NA,NA
2018-11-24 10:26:47,VR2W-108716,A69-1601-27071,,NA,,,WCO_Winfield Scott,34.00868,-119.39558,NA,NA
2018-11-24 10:40:08,VR2W-108716,A69-1601-27071,,NA,,,WCO_Winfield Scott,34.00868,-119.39558,NA,NA
2018-11-24 10:51:26,VR2W-108716,A69-1601-27071,,NA,,,WCO_Winfield Scott,34.00868,-119.39558,NA,NA
2018-11-24 11:08:12,VR2W-108716,A69-1601-27071,,NA,,,WCO_Winfield Scott,34.00868,-119.39558,NA,NA
2018-11-24 11:59:41,VR2W-108716,A69-1601-27071,,NA,,,WCO_Winfield Scott,34.00868,-119.39558,NA,NA
2018-11-24 12:23:55,VR2W-108716,A69-1601-27071,,NA,,,WCO_Winfield Scott,34.00868,-119.39558,NA,NA
2018-11-24 12:57:37,VR2W-108716,A69-1601-27071,,NA,,,WCO_Winfield Scott,34.00868,-119.39558,NA,NA
2018-11-24 13:27:32,VR2W-108716,A69-1601-27071,,NA,,,WCO_Winfield Scott,34.00868,-119.39558,NA,NA
2018-11-24 13:33:22,VR2W-108716,A69-1601-27071,,NA,,,WCO_Winfield Scott,34.00868,-119.39558,NA,NA
2018-11-24 13:48:40,VR2W-108716,A69-1601-27071,,NA,,,WCO_Winfield Scott,34.00868,-119.39558,NA,NA
2018-11-24 14:23:07,VR2W-108716,A69-1601-27071,,NA,,,WCO_Winfield Scott,34.00868,-119.39558,NA,NA
2018-11-24 14:34:07,VR2W-108716,A69-1601-27071,,NA,,,WCO_Winfield Scott,34.00868,-119.39558,NA,NA
2018-11-24 14:49:03,VR2W-108716,A69-1601-27071,,NA,,,WCO_Winfield Scott,34.00868,-119.39558,NA,NA
2018-11-24 15:00:44,VR2W-108716,A69-1601-27071,,NA,,,WCO_Winfield Scott,34.00868,-119.39558,NA,NA
2018-11-24 15:19:43,VR2W-108716,A69-1601-27071,,NA,,,WCO_Winfield Scott,34.00868,-119.39558,NA,NA
2018-11-24 15:26:21,VR2W-108716,A69-1601-27071,,NA,,,WCO_Winfield Scott,34.00868,-119.39558,NA,NA
2018-11-24 15:34:42,VR2W-108716,A69-1601-27071,,NA,,,WCO_Winfield Scott,34.00868,-119.39558,NA,NA
2018-11-24 16:06:22,VR2W-108716,A69-1601-27071,,NA,,,WCO_Winfield Scott,34.00868,-119.39558,NA,NA
2018-11-24 16:14:06,VR2W-108716,A69-1601-27071,,NA,,,WCO_Winfield Scott,34.00868,-119.39558,NA,NA
2018-11-24 16:24:38,VR2W-108716,A69-1601-27071,,NA,,,WCO_Winfield Scott,34.00868,-119.39558,NA,NA
2018-11-24 16:30:18,VR2W-108716,A69-1601-27071,,NA,,,WCO_Winfield Scott,34.00868,-119.39558,NA,NA
2018-11-24 17:09:39,VR2W-108716,A69-1601-27071,,NA,,,WCO_Winfield Scott,34.00868,-119.39558,NA,NA
2018-11-24 17:20:24,VR2W-108716,A69-1601-27071,,NA,,,WCO_Winfield Scott,34.00868,-119.39558,NA,NA
2018-11-24 17:26:23,VR2W-108716,A69-1601-27071,,NA,,,WCO_Winfield Scott,34.00868,-119.39558,NA,NA
2018-11-24 17:56:18,VR2W-108716,A69-1601-27071,,NA,,,WCO_Winfield Scott,34.00868,-119.39558,NA,NA
2018-11-24 18:08:05,VR2W-108716,A69-1601-27071,,NA,,,WCO_Winfield Scott,34.00868,-119.39558,NA,NA
2018-11-24 18:27:35,VR2W-108716,A69-1601-27071,,NA,,,WCO_Winfield Scott,34.00868,-119.39558,NA,NA
2018-11-24 18:34:54,VR2W-108716,A69-1601-27071,,NA,,,WCO_Winfield Scott,34.00868,-119.39558,NA,NA
2018-11-24 18:59:05,VR2W-108716,A69-1601-27071,,NA,,,WCO_Winfield Scott,34.00868,-119.39558,NA,NA
2018-11-24 19:12:38,VR2W-108716,A69-1601-27071,,NA,,,WCO_Winfield Scott,34.00868,-119.39558,NA,NA
2018-11-24 19:24:20,VR2W-108716,A69-1601-27071,,NA,,,WCO_Winfield Scott,34.00868,-119.39558,NA,NA
2018-11-24 19:32:21,VR2W-108716,A69-1601-27071,,NA,,,WCO_Winfield Scott,34.00868,-119.39558,NA,NA
2018-11-24 22:26:53,VR2W-108716,A69-1601-27071,,NA,,,WCO_Winfield Scott,34.00868,-119.39558,NA,NA
2018-11-28 08:34:41,VR2W-133753,A69-1601-27071,,NA,,,WCO_Smugglers,34.01188,-119.53817,NA,NA
2018-11-29 11:37:29,VR2W-133753,A69-1601-27071,,NA,,,WCO_Smugglers,34.01188,-119.53817,NA,NA
2018-12-05 16:42:16,VR2W-129793,A69-1601-27071,,NA,,,WCO_Valley,33.97822,-119.66998,NA,NA
2019-01-14 13:54:17,VR2W-123480,A69-1601-27071,,NA,,,WCO_Anacapa South,34.01028,-119.36802,NA,NA
2019-01-14 14:05:49,VR2W-123480,A69-1601-27071,,NA,,,WCO_Anacapa South,34.01028,-119.36802,NA,NA
2019-01-14 14:13:14,VR2W-123480,A69-1601-27071,,NA,,,WCO_Anacapa South,34.01028,-119.36802,NA,NA
2019-01-16 20:24:39,VR2W-123480,A69-1601-27071,,NA,,,WCO_Anacapa South,34.01028,-119.36802,NA,NA
2019-01-17 14:17:49,VR2W-123480,A69-1601-27071,,NA,,,WCO_Anacapa South,34.01028,-119.36802,NA,NA
2019-01-17 15:29:26,VR2W-123480,A69-1601-27071,,NA,,,WCO_Anacapa South,34.01028,-119.36802,NA,NA
2019-01-19 14:58:56,VR2W-123480,A69-1601-27071,,NA,,,WCO_Anacapa South,34.01028,-119.36802,NA,NA
2019-01-20 00:23:28,VR2W-123480,A69-1601-27071,,NA,,,WCO_Anacapa South,34.01028,-119.36802,NA,NA
2019-01-20 15:00:02,VR2W-123480,A69-1601-27071,,NA,,,WCO_Anacapa South,34.01028,-119.36802,NA,NA
2019-01-21 17:32:27,VR2W-123480,A69-1601-27071,,NA,,,WCO_Anacapa South,34.01028,-119.36802,NA,NA
2019-01-21 17:47:27,VR2W-123480,A69-1601-27071,,NA,,,WCO_Anacapa South,34.01028,-119.36802,NA,NA
2019-01-23 21:02:17,VR2W-123480,A69-1601-27071,,NA,,,WCO_Anacapa South,34.01028,-119.36802,NA,NA
2019-01-26 21:22:17,VR2W-123480,A69-1601-27071,,NA,,,WCO_Anacapa South,34.01028,-119.36802,NA,NA
2019-01-27 18:07:56,VR2W-123480,A69-1601-27071,,NA,,,WCO_Anacapa South,34.01028,-119.36802,NA,NA
2019-01-27 18:23:09,VR2W-123480,A69-1601-27071,,NA,,,WCO_Anacapa South,34.01028,-119.36802,NA,NA
2019-02-02 16:16:33,VR2W-129796,A69-1601-27071,,NA,,,WCO_Pelican,34.03068,-119.69667,NA,NA
2019-02-02 16:24:28,VR2W-129796,A69-1601-27071,,NA,,,WCO_Pelican,34.03068,-119.69667,NA,NA
2019-02-02 20:10:52,VR2W-113881,A69-1601-27071,,NA,,,WCO_Scorpion,34.05487,-119.55995,NA,NA
