Transmitter,Month_Year,Receiver,Station.Name
A69-1303-46140,2013-11,VR2W-110860,WCO_Hazards_Profile
A69-1303-46140,2013-11,VR2W-110861,WCO_MorsePoint
A69-1303-46140,2013-11,VR2W-110865,WCO_Smugglers
A69-1303-46140,2013-11,VR2W-123465,WCO_Carrington Point
A69-1303-46140,2013-11,VR2W-123480,WCO_Johnson's Lee
A69-1303-52074,2013-11,VR2W-110865,WCO_Smugglers
A69-1303-46140,2013-12,VR2W-102744,WCO_Tyler Bight
A69-1303-46140,2013-12,VR2W-110768,WCO_Cuyler
A69-1303-46140,2013-12,VR2W-110860,WCO_Hazards_Profile
A69-1303-52074,2013-12,VR2W-110865,WCO_Smugglers
A69-1303-52074,2014-01,VR2W-110861,WCO_MorsePoint
A69-1303-52074,2014-01,VR2W-110865,WCO_Smugglers
A69-1303-52074,2014-02,VR2W-123480,WCO_Johnson's Lee
A69-1303-52074,2014-10,VR2W-110865,WCO_Valley
A69-1303-52074,2014-11,VR2W-110865,WCO_Valley
A69-1303-52074,2014-11,VR2W-110867,WCO_Johnson's Lee
A69-1602-9671,2016-06,VR2W-123465,WCO_Trailers
A69-1602-46492,2017-03,VR2W-110867,WCO_Hazards_Profile
A69-1601-46727,2017-06,VR2W-130873,WCO_Cuyler
A69-1601-46760,2017-06,VR2W-130873,WCO_Cuyler
A69-1601-46826,2017-06,VR2W-130873,WCO_Cuyler
A69-1601-46843,2017-06,VR2W-130873,WCO_Cuyler
A69-1601-46760,2017-07,VR2W-130873,WCO_Cuyler
A69-1601-46826,2017-07,VR2W-130873,WCO_Cuyler
A69-1601-46843,2017-07,VR2W-130873,WCO_Cuyler
A69-1602-48637,2017-10,VR2W-100156,WCO_Valley
A69-1601-45707,2017-11,VR2W-110867,WCO_Valley
A69-1601-45707,2017-12,VR2W-110867,WCO_Valley
A69-9001-13026,2018-01,VR2W-110864,WCO_Tyler Bight
A69-1602-3235,2018-05,VR2W-110861,WCO_Hazards_Profile
A69-1602-3235,2018-05,VR2W-110867,WCO_Johnson's Lee
A69-1602-3235,2018-05,VR2W-127959,WCO_Carrington Point
A69-1602-3235,2018-06,VR2W-110861,WCO_Hazards_Profile
A69-1602-3235,2018-06,VR2W-127959,WCO_Carrington Point
A69-1602-3235,2018-07,VR2W-127959,WCO_Carrington Point
A69-1602-9712,2018-07,VR2W-129793,WCO_SB_2
A69-1602-9714,2018-07,VR2W-110862,WCO_SB_5
A69-1602-9714,2018-07,VR2W-129793,WCO_SB_2
A69-1602-9715,2018-07,VR2W-110862,WCO_SB_5
A69-1602-9715,2018-07,VR2W-129793,WCO_SB_2
A69-1602-9717,2018-07,VR2W-129793,WCO_SB_2
A69-1602-9718,2018-07,VR2W-129793,WCO_SB_2
A69-1602-9720,2018-07,VR2W-110862,WCO_SB_5
A69-1602-9722,2018-07,VR2W-110862,WCO_SB_5
A69-1602-9722,2018-07,VR2W-129793,WCO_SB_2
A69-1602-9723,2018-07,VR2W-110862,WCO_SB_5
A69-1602-9723,2018-07,VR2W-129793,WCO_SB_2
A69-1602-29792,2018-08,VR2W-110864,WCO_SB_2
A69-1602-29792,2018-08,VR2W-123465,WCO_SB_5
A69-1602-29792,2018-08,VR2W-129794,WCO_SB_7
A69-1602-29792,2018-08,VR2W-132477,WCO_SB_3
A69-1602-29792,2018-08,VR2W-133753,WCO_SB_10
A69-1602-29792,2018-08,VR2W-133756,WCO_SB_9
A69-1602-29792,2018-08,VR2W-133757,WCO_SB_6
A69-1602-9712,2018-08,VR2W-129794,WCO_SB_10
A69-1602-9712,2018-08,VR2W-133753,WCO_SB_10
A69-1602-9712,2018-08,VR2W-133756,WCO_SB_10
A69-1602-9714,2018-08,VR2W-129794,WCO_SB_10
A69-1602-9716,2018-08,VR2W-129794,WCO_SB_10
A69-1602-9716,2018-08,VR2W-133753,WCO_SB_10
A69-1602-9716,2018-08,VR2W-133756,WCO_SB_9
A69-1602-9718,2018-08,VR2W-111372,WCO_SB_3
A69-1602-9718,2018-08,VR2W-129793,WCO_SB_2
A69-1602-9718,2018-08,VR2W-129794,WCO_SB_10
A69-1602-9718,2018-08,VR2W-133753,WCO_SB_1
A69-1602-9718,2018-08,VR2W-133755,WCO_SB_7
A69-1602-9718,2018-08,VR2W-133756,WCO_SB_9
A69-1602-29792,2018-09,VR2W-129793,WCO_SB_2
A69-1602-29792,2018-09,VR2W-133753,WCO_SB_1
A69-1602-9712,2018-09,VR2W-102744,WCO_SB_1
A69-1602-9712,2018-09,VR2W-129794,WCO_SB_10
A69-1602-9712,2018-09,VR2W-133753,WCO_SB_1
A69-1602-9712,2018-09,VR2W-133757,WCO_SB_2
A69-1602-9714,2018-09,VR2W-102744,WCO_SB_1
A69-1602-9714,2018-09,VR2W-129794,WCO_SB_10
A69-1602-9714,2018-09,VR2W-133753,WCO_SB_1
A69-1602-9714,2018-09,VR2W-133757,WCO_SB_2
A69-1602-9716,2018-09,VR2W-102744,WCO_SB_1
A69-1602-9716,2018-09,VR2W-129794,WCO_SB_10
A69-1602-9716,2018-09,VR2W-133753,WCO_SB_1
A69-1602-9716,2018-09,VR2W-133757,WCO_SB_2
A69-1602-9718,2018-09,VR2W-102744,WCO_SB_1
A69-1602-9718,2018-09,VR2W-111372,WCO_SB_3
A69-1602-9718,2018-09,VR2W-129794,WCO_SB_10
A69-1602-9718,2018-09,VR2W-133755,WCO_SB_7
A69-1602-9718,2018-09,VR2W-133757,WCO_SB_2
A69-1602-9722,2018-09,VR2W-102744,WCO_SB_1
A69-1602-9722,2018-09,VR2W-111372,WCO_SB_3
A69-1602-9722,2018-09,VR2W-129794,WCO_SB_10
A69-1602-9722,2018-09,VR2W-133757,WCO_SB_2
A69-1303-4097,2018-10,VR2W-110862,WCO_SB_5
A69-1602-9712,2018-10,VR2W-102744,WCO_SB_1
A69-1602-9712,2018-10,VR2W-129794,WCO_SB_10
A69-1602-9714,2018-10,VR2W-102744,WCO_SB_1
A69-1602-9714,2018-10,VR2W-129794,WCO_SB_10
A69-1602-9714,2018-10,VR2W-133757,WCO_SB_2
A69-1602-9716,2018-10,VR2W-102744,WCO_SB_1
A69-1602-9716,2018-10,VR2W-129794,WCO_SB_10
A69-1602-9716,2018-10,VR2W-133757,WCO_SB_2
A69-1602-9718,2018-10,VR2W-102744,WCO_SB_1
A69-1602-9718,2018-10,VR2W-111372,WCO_SB_3
A69-1602-9718,2018-10,VR2W-129794,WCO_SB_10
A69-1602-9718,2018-10,VR2W-133757,WCO_SB_2
A69-1602-9722,2018-10,VR2W-102744,WCO_SB_1
A69-1602-9722,2018-10,VR2W-111372,WCO_SB_3
A69-1602-9722,2018-10,VR2W-129794,WCO_SB_10
A69-1602-9722,2018-10,VR2W-133757,WCO_SB_2
A69-1602-48637,2018-11,VR2W-133753,WCO_Smugglers
A69-1602-9712,2018-11,VR2W-102744,WCO_SB_1
A69-1602-9712,2018-11,VR2W-129794,WCO_SB_10
A69-1602-9714,2018-11,VR2W-129794,WCO_SB_10
A69-1602-9716,2018-11,VR2W-129794,WCO_SB_10
A69-1602-9718,2018-11,VR2W-129794,WCO_SB_10
A69-1602-9722,2018-11,VR2W-102744,WCO_SB_1
A69-1602-9722,2018-11,VR2W-129794,WCO_SB_10
A69-1602-9722,2018-11,VR2W-133757,WCO_SB_2
A69-1602-9712,2018-12,VR2W-102744,WCO_SB_1
A69-1602-9712,2018-12,VR2W-129794,WCO_SB_10
A69-1602-9712,2018-12,VR2W-133757,WCO_SB_2
A69-1602-9712,2019-01,VR2W-129794,WCO_SB_10
A69-1602-9712,2019-01,VR2W-133757,WCO_SB_2
A69-1602-9712,2019-02,VR2W-129794,WCO_SB_10
A69-1602-9712,2019-03,VR2W-102744,WCO_SB_1
A69-1602-9712,2019-03,VR2W-129794,WCO_SB_10
A69-1602-9712,2019-03,VR2W-133757,WCO_SB_2
A69-1602-9718,2019-03,VR2W-129794,WCO_SB_10
A69-1602-9712,2019-04,VR2W-102744,WCO_SB_1
A69-1602-9712,2019-04,VR2W-110862,WCO_SB_5
A69-1602-9712,2019-04,VR2W-129794,WCO_SB_10
A69-1602-9712,2019-04,VR2W-133755,WCO_SB_7
A69-1602-9712,2019-04,VR2W-133757,WCO_SB_2
A69-1602-9716,2019-04,VR2W-129794,WCO_SB_10
A69-1602-9718,2019-04,VR2W-129794,WCO_SB_10
A69-1602-9718,2019-04,VR2W-133755,WCO_SB_7
A69-1602-9722,2019-04,VR2W-129794,WCO_SB_10
A69-1601-62806,2019-05,VR2W-133758,WCO_Carrington Point
A69-1602-16711,2019-05,VR2W-102744,WCO_Sutil
A69-1602-16711,2019-05,VR2W-110862,WCO_UW_Arch
A69-1602-16711,2019-05,VR2W-110864,WCO_Mound_Inshore
A69-1602-16711,2019-05,VR2W-111372,WCO_MPA_Corner
A69-1602-16711,2019-05,VR2W-133755,WCO_WR_W
A69-1602-16713,2019-05,VR2W-129794,WCO_WR_E
A69-1602-16716,2019-05,VR2W-110862,WCO_UW_Arch
A69-1602-9712,2019-05,VR2Tx-482805,WCO_SB_10
A69-1602-9712,2019-05,VR2Tx-482806,WCO_Smugglers
A69-1602-9712,2019-05,VR2Tx-482807,WCO_Mound_Offshore
A69-1602-9712,2019-05,VR2W-129794,WCO_SB_10
A69-1602-9712,2019-05,VR2W-133757,WCO_SB_2
A69-1602-9716,2019-05,VR2Tx-482807,WCO_Mound_Offshore
A69-1602-9716,2019-05,VR2W-110864,WCO_SB_6
A69-1602-9716,2019-05,VR2W-129794,WCO_SB_10
A69-1602-9716,2019-05,VR2W-133757,WCO_SB_2
A69-1602-9718,2019-05,VR2Tx-482804,WCO_SB_9
A69-1602-9718,2019-05,VR2Tx-482805,WCO_SB_10
A69-1602-9718,2019-05,VR2Tx-482807,WCO_Mound_Offshore
A69-1602-9718,2019-05,VR2W-110864,WCO_SB_6
A69-1602-9718,2019-05,VR2W-129794,WCO_SB_10
A69-1602-9718,2019-05,VR2W-132477,WCO_SB_9_5
A69-1602-9718,2019-05,VR2W-133755,WCO_SB_7
A69-9006-4060,2019-05,VR2W-103954,WCO_Smugglers
A69-9006-4060,2019-05,VR2W-110861,WCO_Valley
A69-9006-4060,2019-05,VR2W-113881,WCO_Pelican
A69-9006-4060,2019-05,VR2W-129793,WCO_Scorpion
A69-9006-4060,2019-05,VR2W-130873,WCO_MorsePoint
A69-9006-4060,2019-05,VR2W-134130,WCO_Anacapa South
A69-1602-9712,2019-06,VR2Tx-482804,WCO_SB_9
A69-1602-9712,2019-06,VR2Tx-482805,WCO_SB_10
A69-1602-9712,2019-06,VR2Tx-482806,WCO_Smugglers
A69-1602-9712,2019-06,VR2Tx-482807,WCO_Mound_Offshore
A69-1602-9712,2019-06,VR2W-110864,WCO_Mound_Inshore
A69-1602-9712,2019-06,VR2W-129550,WCO_SB_3
A69-1602-9712,2019-06,VR2W-132477,WCO_SB_9_5
A69-1602-9712,2019-06,VR2W-133758,WCO_SB_2
A69-1602-9716,2019-06,VR2Tx-482805,WCO_SB_10
A69-1602-9716,2019-06,VR2Tx-482807,WCO_Mound_Offshore
A69-1602-9716,2019-06,VR2W-132477,WCO_SB_9_5
A69-1602-9718,2019-06,VR2Tx-482803,WCO_SB_8
A69-1602-9718,2019-06,VR2Tx-482804,WCO_SB_9
A69-1602-9718,2019-06,VR2Tx-482805,WCO_SB_10
A69-1602-9718,2019-06,VR2Tx-482807,WCO_Mound_Offshore
A69-1602-9718,2019-06,VR2Tx-482810,WCO_SB_7
A69-1602-9718,2019-06,VR2W-111372,WCO_MPA_Corner
A69-1602-9718,2019-06,VR2W-132477,WCO_SB_9_5
A69-1602-16711,2019-07,VR2W-110864,WCO_Mound_Inshore
A69-1602-16719,2019-07,VR2Tx-482807,WCO_Mound_Offshore
A69-1602-16719,2019-07,VR2W-110864,WCO_Mound_Inshore
A69-1602-48947,2019-07,VR2W-132477,WCO_SB_9_5
A69-1602-9712,2019-07,VR2Tx-482804,WCO_SB_9
A69-1602-9712,2019-07,VR2Tx-482805,WCO_SB_10
A69-1602-9712,2019-07,VR2Tx-482806,WCO_Smugglers
A69-1602-9712,2019-07,VR2Tx-482807,WCO_Mound_Offshore
A69-1602-9712,2019-07,VR2Tx-482808,WCO_SB_5
A69-1602-9712,2019-07,VR2W-110864,WCO_Mound_Inshore
A69-1602-9712,2019-07,VR2W-111372,WCO_MPA_Corner
A69-1602-9712,2019-07,VR2W-123465,WCO_SB_4
A69-1602-9712,2019-07,VR2W-129550,WCO_SB_3
A69-1602-9712,2019-07,VR2W-132477,WCO_SB_9_5
A69-1602-9712,2019-07,VR2W-133757,WCO_WR_C
A69-1602-9712,2019-07,VR2W-133758,WCO_SB_2
A69-1602-9713,2019-07,VR2W-110864,WCO_Mound_Inshore
A69-1602-9715,2019-07,VR2W-110864,WCO_Mound_Inshore
A69-1602-9716,2019-07,VR2Tx-482803,WCO_SB_8
A69-1602-9716,2019-07,VR2Tx-482807,WCO_Mound_Offshore
A69-1602-9716,2019-07,VR2Tx-482809,WCO_SB_6
A69-1602-9716,2019-07,VR2Tx-482810,WCO_SB_7
A69-1602-9716,2019-07,VR2W-110864,WCO_Mound_Inshore
A69-1602-9717,2019-07,VR2W-110864,WCO_Mound_Inshore
A69-1602-9718,2019-07,VR2Tx-482803,WCO_SB_8
A69-1602-9718,2019-07,VR2Tx-482804,WCO_SB_9
A69-1602-9718,2019-07,VR2Tx-482805,WCO_SB_10
A69-1602-9718,2019-07,VR2Tx-482806,WCO_Smugglers
A69-1602-9718,2019-07,VR2Tx-482807,WCO_Mound_Offshore
A69-1602-9718,2019-07,VR2Tx-482808,WCO_SB_5
A69-1602-9718,2019-07,VR2Tx-482809,WCO_SB_6
A69-1602-9718,2019-07,VR2Tx-482810,WCO_SB_7
A69-1602-9718,2019-07,VR2W-102744,WCO_Sutil
A69-1602-9718,2019-07,VR2W-111372,WCO_MPA_Corner
A69-1602-9718,2019-07,VR2W-123465,WCO_SB_4
A69-1602-9718,2019-07,VR2W-132477,WCO_SB_9_5
A69-1602-9718,2019-07,VR2W-133758,WCO_SB_2
A69-1602-9719,2019-07,VR2Tx-482803,WCO_SB_8
A69-1602-9719,2019-07,VR2Tx-482804,WCO_SB_9
A69-1602-9719,2019-07,VR2Tx-482805,WCO_SB_10
A69-1602-9719,2019-07,VR2Tx-482806,WCO_Smugglers
A69-1602-9719,2019-07,VR2Tx-482807,WCO_Mound_Offshore
A69-1602-9719,2019-07,VR2W-110864,WCO_Mound_Inshore
A69-1602-9719,2019-07,VR2W-111372,WCO_MPA_Corner
A69-1602-9719,2019-07,VR2W-132477,WCO_SB_9_5
A69-1602-9719,2019-07,VR2W-133758,WCO_SB_2
A69-1602-9720,2019-07,VR2Tx-482803,WCO_SB_8
A69-1602-9720,2019-07,VR2Tx-482804,WCO_SB_9
A69-1602-9720,2019-07,VR2Tx-482805,WCO_SB_10
A69-1602-9720,2019-07,VR2Tx-482806,WCO_Smugglers
A69-1602-9720,2019-07,VR2Tx-482807,WCO_Mound_Offshore
A69-1602-9720,2019-07,VR2W-110864,WCO_Mound_Inshore
A69-1602-9720,2019-07,VR2W-111372,WCO_MPA_Corner
A69-1602-9720,2019-07,VR2W-132477,WCO_SB_9_5
A69-1602-9720,2019-07,VR2W-133758,WCO_SB_2
A69-1602-9721,2019-07,VR2Tx-482804,WCO_SB_9
A69-1602-9721,2019-07,VR2Tx-482805,WCO_SB_10
A69-1602-9721,2019-07,VR2Tx-482806,WCO_Smugglers
A69-1602-9721,2019-07,VR2Tx-482807,WCO_Mound_Offshore
A69-1602-9721,2019-07,VR2W-110864,WCO_Mound_Inshore
A69-1602-9721,2019-07,VR2W-111372,WCO_MPA_Corner
A69-1602-9721,2019-07,VR2W-123465,WCO_SB_4
A69-1602-9721,2019-07,VR2W-129550,WCO_SB_3
A69-1602-9721,2019-07,VR2W-132477,WCO_SB_9_5
A69-1602-9721,2019-07,VR2W-133757,WCO_WR_C
A69-1602-9721,2019-07,VR2W-133758,WCO_SB_2
A69-1602-9723,2019-07,VR2Tx-482803,WCO_SB_8
A69-1602-9723,2019-07,VR2Tx-482804,WCO_SB_9
A69-1602-9723,2019-07,VR2Tx-482805,WCO_SB_10
A69-1602-9723,2019-07,VR2Tx-482806,WCO_Smugglers
A69-1602-9723,2019-07,VR2Tx-482807,WCO_Mound_Offshore
A69-1602-9723,2019-07,VR2W-110862,WCO_UW_Arch
A69-1602-9723,2019-07,VR2W-110864,WCO_Mound_Inshore
A69-1602-9723,2019-07,VR2W-111372,WCO_MPA_Corner
A69-1602-9723,2019-07,VR2W-123465,WCO_SB_4
A69-1602-9723,2019-07,VR2W-129550,WCO_SB_3
A69-1602-9723,2019-07,VR2W-129794,WCO_WR_E
A69-1602-9723,2019-07,VR2W-132477,WCO_SB_9_5
A69-1602-9723,2019-07,VR2W-133757,WCO_WR_C
A69-1602-9723,2019-07,VR2W-133758,WCO_SB_2
A69-1602-9712,2019-08,VR2Tx-482803,WCO_SB_8
A69-1602-9712,2019-08,VR2Tx-482804,WCO_SB_9
A69-1602-9712,2019-08,VR2Tx-482805,WCO_SB_10
A69-1602-9712,2019-08,VR2Tx-482806,WCO_Smugglers
A69-1602-9712,2019-08,VR2Tx-482807,WCO_Mound_Offshore
A69-1602-9712,2019-08,VR2W-110864,WCO_Mound_Inshore
A69-1602-9712,2019-08,VR2W-111372,WCO_MPA_Corner
A69-1602-9712,2019-08,VR2W-129794,WCO_WR_E
A69-1602-9712,2019-08,VR2W-132477,WCO_SB_9_5
A69-1602-9712,2019-08,VR2W-133758,WCO_SB_2
A69-1602-9716,2019-08,VR2Tx-482804,WCO_SB_9
A69-1602-9716,2019-08,VR2Tx-482805,WCO_SB_10
A69-1602-9716,2019-08,VR2Tx-482806,WCO_Smugglers
A69-1602-9716,2019-08,VR2Tx-482807,WCO_Mound_Offshore
A69-1602-9716,2019-08,VR2W-110864,WCO_Mound_Inshore
A69-1602-9716,2019-08,VR2W-132477,WCO_SB_9_5
A69-1602-9716,2019-08,VR2W-133758,WCO_SB_2
A69-1602-9718,2019-08,VR2Tx-482803,WCO_SB_8
A69-1602-9718,2019-08,VR2Tx-482804,WCO_SB_9
A69-1602-9718,2019-08,VR2Tx-482805,WCO_SB_10
A69-1602-9718,2019-08,VR2Tx-482806,WCO_Smugglers
A69-1602-9718,2019-08,VR2Tx-482807,WCO_Mound_Offshore
A69-1602-9718,2019-08,VR2Tx-482809,WCO_SB_6
A69-1602-9718,2019-08,VR2Tx-482810,WCO_SB_7
A69-1602-9718,2019-08,VR2W-102744,WCO_Sutil
A69-1602-9718,2019-08,VR2W-110864,WCO_Mound_Inshore
A69-1602-9718,2019-08,VR2W-111372,WCO_MPA_Corner
A69-1602-9718,2019-08,VR2W-129550,WCO_SB_3
A69-1602-9718,2019-08,VR2W-132477,WCO_SB_9_5
A69-1602-9718,2019-08,VR2W-133758,WCO_SB_2
A69-1602-9719,2019-08,VR2W-132477,WCO_SB_9_5
A69-1602-9720,2019-08,VR2Tx-482804,WCO_SB_9
A69-1602-9720,2019-08,VR2Tx-482805,WCO_SB_10
A69-1602-9720,2019-08,VR2Tx-482806,WCO_Smugglers
A69-1602-9720,2019-08,VR2Tx-482807,WCO_Mound_Offshore
A69-1602-9720,2019-08,VR2W-110864,WCO_Mound_Inshore
A69-1602-9720,2019-08,VR2W-111372,WCO_MPA_Corner
A69-1602-9720,2019-08,VR2W-129550,WCO_SB_3
A69-1602-9720,2019-08,VR2W-132477,WCO_SB_9_5
A69-1602-9720,2019-08,VR2W-133758,WCO_SB_2
A69-1602-9721,2019-08,VR2Tx-482804,WCO_SB_9
A69-1602-9721,2019-08,VR2Tx-482805,WCO_SB_10
A69-1602-9721,2019-08,VR2Tx-482806,WCO_Smugglers
A69-1602-9721,2019-08,VR2Tx-482807,WCO_Mound_Offshore
A69-1602-9721,2019-08,VR2W-110864,WCO_Mound_Inshore
A69-1602-9721,2019-08,VR2W-129550,WCO_SB_3
A69-1602-9721,2019-08,VR2W-132477,WCO_SB_9_5
A69-1602-9721,2019-08,VR2W-133758,WCO_SB_2
A69-1602-9723,2019-08,VR2Tx-482804,WCO_SB_9
A69-1602-9723,2019-08,VR2Tx-482805,WCO_SB_10
A69-1602-9723,2019-08,VR2Tx-482806,WCO_Smugglers
A69-1602-9723,2019-08,VR2Tx-482807,WCO_Mound_Offshore
A69-1602-9723,2019-08,VR2W-110862,WCO_UW_Arch
A69-1602-9723,2019-08,VR2W-110864,WCO_Mound_Inshore
A69-1602-9723,2019-08,VR2W-123465,WCO_SB_4
A69-1602-9723,2019-08,VR2W-129550,WCO_SB_3
A69-1602-9723,2019-08,VR2W-132477,WCO_SB_9_5
A69-1602-9723,2019-08,VR2W-133757,WCO_WR_C
A69-1602-9723,2019-08,VR2W-133758,WCO_SB_2
A69-1602-48947,2019-09,VR2W-132477,WCO_SB_9_5
A69-1602-9712,2019-09,VR2Tx-482805,WCO_SB_10
A69-1602-9716,2019-09,VR2Tx-482804,WCO_SB_9
A69-1602-9716,2019-09,VR2Tx-482805,WCO_SB_10
A69-1602-9716,2019-09,VR2Tx-482806,WCO_Smugglers
A69-1602-9716,2019-09,VR2Tx-482807,WCO_Mound_Offshore
A69-1602-9716,2019-09,VR2W-110864,WCO_Mound_Inshore
A69-1602-9716,2019-09,VR2W-132477,WCO_SB_9_5
A69-1602-9718,2019-09,VR2Tx-482803,WCO_SB_8
A69-1602-9718,2019-09,VR2Tx-482804,WCO_SB_9
A69-1602-9718,2019-09,VR2Tx-482805,WCO_SB_10
A69-1602-9718,2019-09,VR2Tx-482806,WCO_Smugglers
A69-1602-9718,2019-09,VR2Tx-482807,WCO_Mound_Offshore
A69-1602-9718,2019-09,VR2W-110864,WCO_Mound_Inshore
A69-1602-9718,2019-09,VR2W-111372,WCO_MPA_Corner
A69-1602-9718,2019-09,VR2W-132477,WCO_SB_9_5
A69-1602-9719,2019-09,VR2W-132477,WCO_SB_9_5
A69-1602-9720,2019-09,VR2Tx-482804,WCO_SB_9
A69-1602-9720,2019-09,VR2Tx-482805,WCO_SB_10
A69-1602-9720,2019-09,VR2Tx-482806,WCO_Smugglers
A69-1602-9720,2019-09,VR2Tx-482807,WCO_Mound_Offshore
A69-1602-9720,2019-09,VR2W-110864,WCO_Mound_Inshore
A69-1602-9720,2019-09,VR2W-129550,WCO_SB_3
A69-1602-9720,2019-09,VR2W-129794,WCO_WR_E
A69-1602-9720,2019-09,VR2W-132477,WCO_SB_9_5
A69-1602-9720,2019-09,VR2W-133758,WCO_SB_2
A69-1602-9721,2019-09,VR2Tx-482805,WCO_SB_10
A69-1602-9721,2019-09,VR2Tx-482806,WCO_Smugglers
A69-1602-9721,2019-09,VR2Tx-482807,WCO_Mound_Offshore
A69-1602-9721,2019-09,VR2W-110864,WCO_Mound_Inshore
A69-1602-9721,2019-09,VR2W-129550,WCO_SB_3
A69-1602-9721,2019-09,VR2W-129794,WCO_WR_E
A69-1602-9721,2019-09,VR2W-132477,WCO_SB_9_5
A69-1602-9721,2019-09,VR2W-133758,WCO_SB_2
A69-1602-9723,2019-09,VR2Tx-482805,WCO_SB_10
A69-1602-9723,2019-09,VR2Tx-482806,WCO_Smugglers
A69-1602-9723,2019-09,VR2Tx-482807,WCO_Mound_Offshore
A69-1602-9723,2019-09,VR2W-110862,WCO_UW_Arch
A69-1602-9723,2019-09,VR2W-110864,WCO_Mound_Inshore
A69-1602-9723,2019-09,VR2W-123465,WCO_SB_4
A69-1602-9723,2019-09,VR2W-129550,WCO_SB_3
A69-1602-9723,2019-09,VR2W-129794,WCO_WR_E
A69-1602-9723,2019-09,VR2W-132477,WCO_SB_9_5
A69-1602-9723,2019-09,VR2W-133757,WCO_WR_C
A69-1602-9723,2019-09,VR2W-133758,WCO_SB_2
A69-1303-4097,2019-10,VR2W-129550,WCO_SB_3
A69-1602-14302,2019-10,VR2W-123465,WCO_SB_4
A69-1602-16712,2019-10,VR2Tx-482809,WCO_SB_8
A69-1602-16712,2019-10,VR2W-129550,WCO_SB_7
A69-1602-16712,2019-10,VR2W-133753,WCO_SB_4
A69-1602-16712,2019-10,VR2W-133757,WCO_SB_5
A69-1602-16712,2019-10,VR2W-133758,WCO_SB_6
A69-1602-16715,2019-10,VR2W-110864,WCO_Mound_Inshore
A69-1602-16715,2019-10,VR2W-129550,WCO_SB_7
A69-1602-16715,2019-10,VR2W-133755,WCO_Mound_Inshore
A69-1602-16716,2019-10,VR2Tx-482810,WCO_SB_1
A69-1602-16716,2019-10,VR2W-102744,WCO_SB_10
A69-1602-16716,2019-10,VR2W-109181,WCO_SB_3
A69-1602-16716,2019-10,VR2W-110862,WCO_SB_9_5
A69-1602-16716,2019-10,VR2W-123480,WCO_SB_2
A69-1602-16716,2019-10,VR2W-129550,WCO_SB_7
A69-1602-16716,2019-10,VR2W-133753,WCO_SB_4
A69-1602-16716,2019-10,VR2W-133755,WCO_Mound_Inshore
A69-1602-9712,2019-10,VR2Tx-482805,WCO_SB_10
A69-1602-9712,2019-10,VR2W-102744,WCO_SB_10
A69-1602-9716,2019-10,VR2Tx-482804,WCO_SB_9
A69-1602-9716,2019-10,VR2Tx-482805,WCO_SB_10
A69-1602-9716,2019-10,VR2Tx-482806,WCO_Smugglers
A69-1602-9716,2019-10,VR2Tx-482807,WCO_Mound_Offshore
A69-1602-9716,2019-10,VR2W-102744,WCO_SB_10
A69-1602-9716,2019-10,VR2W-110862,WCO_SB_9_5
A69-1602-9716,2019-10,VR2W-110864,WCO_Mound_Inshore
A69-1602-9716,2019-10,VR2W-132477,WCO_SB_9_5
A69-1602-9719,2019-10,VR2W-110862,WCO_SB_9_5
A69-1602-9719,2019-10,VR2W-132477,WCO_SB_9_5
A69-1602-9720,2019-10,VR2Tx-482803,WCO_SB_8
A69-1602-9720,2019-10,VR2Tx-482804,WCO_SB_9
A69-1602-9720,2019-10,VR2Tx-482805,WCO_SB_10
A69-1602-9720,2019-10,VR2Tx-482806,WCO_Smugglers
A69-1602-9720,2019-10,VR2Tx-482807,WCO_Mound_Offshore
A69-1602-9720,2019-10,VR2W-102744,WCO_SB_10
A69-1602-9720,2019-10,VR2W-110862,WCO_SB_9_5
A69-1602-9720,2019-10,VR2W-110864,WCO_Mound_Inshore
A69-1602-9720,2019-10,VR2W-132477,WCO_SB_9_5
A69-1602-9720,2019-10,VR2W-133755,WCO_Mound_Inshore
A69-1602-9721,2019-10,VR2Tx-482805,WCO_SB_10
A69-1602-9721,2019-10,VR2Tx-482806,WCO_Smugglers
A69-1602-9721,2019-10,VR2Tx-482807,WCO_Mound_Offshore
A69-1602-9721,2019-10,VR2W-102744,WCO_SB_10
A69-1602-9721,2019-10,VR2W-110862,WCO_SB_9_5
A69-1602-9721,2019-10,VR2W-110864,WCO_Mound_Inshore
A69-1602-9721,2019-10,VR2W-132477,WCO_SB_9_5
A69-1602-9721,2019-10,VR2W-133758,WCO_SB_2
A69-1602-9723,2019-10,VR2Tx-482804,WCO_SB_9
A69-1602-9723,2019-10,VR2Tx-482805,WCO_SB_10
A69-1602-9723,2019-10,VR2Tx-482806,WCO_Smugglers
A69-1602-9723,2019-10,VR2Tx-482807,WCO_Mound_Offshore
A69-1602-9723,2019-10,VR2W-102744,WCO_SB_10
A69-1602-9723,2019-10,VR2W-110862,WCO_SB_9_5
A69-1602-9723,2019-10,VR2W-110864,WCO_Mound_Inshore
A69-1602-9723,2019-10,VR2W-123480,WCO_SB_2
A69-1602-9723,2019-10,VR2W-132477,WCO_SB_9_5
A69-1602-9723,2019-10,VR2W-133758,WCO_SB_2
A69-1602-16712,2019-11,VR2Tx-482809,WCO_SB_8
A69-1602-16712,2019-11,VR2Tx-482810,WCO_SB_1
A69-1602-16712,2019-11,VR2W-102744,WCO_SB_10
A69-1602-16712,2019-11,VR2W-109181,WCO_SB_3
A69-1602-16712,2019-11,VR2W-110862,WCO_SB_9_5
A69-1602-16712,2019-11,VR2W-123480,WCO_SB_2
A69-1602-16712,2019-11,VR2W-129550,WCO_SB_7
A69-1602-16712,2019-11,VR2W-133757,WCO_SB_5
A69-1602-16712,2019-11,VR2W-133758,WCO_SB_6
A69-1602-16716,2019-11,VR2Tx-482810,WCO_SB_1
A69-1602-16716,2019-11,VR2W-102744,WCO_SB_10
A69-1602-16716,2019-11,VR2W-109181,WCO_SB_3
A69-1602-16716,2019-11,VR2W-110862,WCO_SB_9_5
A69-1602-16716,2019-11,VR2W-123480,WCO_SB_2
A69-1602-9671,2019-11,VR2W-109181,WCO_SB_3
A69-1602-9671,2019-11,VR2W-123480,WCO_SB_2
A69-1602-9712,2019-11,VR2W-102744,WCO_SB_10
A69-1602-9716,2019-11,VR2Tx-482808,WCO_SB_9
A69-1602-9716,2019-11,VR2W-102744,WCO_SB_10
A69-1602-9716,2019-11,VR2W-110862,WCO_SB_9_5
A69-1602-9719,2019-11,VR2W-110862,WCO_SB_9_5
A69-1602-9720,2019-11,VR2W-102744,WCO_SB_10
A69-1602-9720,2019-11,VR2W-110862,WCO_SB_9_5
A69-1602-9721,2019-11,VR2Tx-482810,WCO_SB_1
A69-1602-9721,2019-11,VR2W-102744,WCO_SB_10
A69-1602-9721,2019-11,VR2W-110862,WCO_SB_9_5
A69-1602-9721,2019-11,VR2W-123480,WCO_SB_2
A69-1602-9721,2019-11,VR2W-133755,WCO_Mound_Inshore
A69-1602-9723,2019-11,VR2Tx-482808,WCO_SB_9
A69-1602-9723,2019-11,VR2Tx-482810,WCO_SB_1
A69-1602-9723,2019-11,VR2W-102744,WCO_SB_10
A69-1602-9723,2019-11,VR2W-110862,WCO_SB_9_5
A69-1602-9723,2019-11,VR2W-123480,WCO_SB_2
A69-1602-9723,2019-11,VR2W-133755,WCO_Mound_Inshore
A69-1602-16712,2019-12,VR2Tx-482809,WCO_SB_8
A69-1602-16712,2019-12,VR2W-123480,WCO_SB_2
A69-1602-16712,2019-12,VR2W-129550,WCO_SB_7
A69-1602-16712,2019-12,VR2W-133758,WCO_SB_6
A69-1602-16716,2019-12,VR2W-102744,WCO_SB_10
A69-1602-16716,2019-12,VR2W-110862,WCO_SB_9_5
A69-1602-16716,2019-12,VR2W-123480,WCO_SB_2
A69-1602-9712,2019-12,VR2W-102744,WCO_SB_10
A69-1602-9719,2019-12,VR2W-110862,WCO_SB_9_5
A69-1602-9720,2019-12,VR2W-102744,WCO_SB_10
A69-1602-9720,2019-12,VR2W-110862,WCO_SB_9_5
A69-1602-9721,2019-12,VR2Tx-482810,WCO_SB_1
A69-1602-9721,2019-12,VR2W-102744,WCO_SB_10
A69-1602-9721,2019-12,VR2W-110862,WCO_SB_9_5
A69-1602-9721,2019-12,VR2W-123480,WCO_SB_2
A69-1602-9721,2019-12,VR2W-133755,WCO_Mound_Inshore
A69-1602-9723,2019-12,VR2W-110862,WCO_SB_9_5
A69-1602-16712,2020-01,VR2W-129550,WCO_SB_7
A69-1602-16716,2020-01,VR2W-102744,WCO_SB_10
A69-1602-16716,2020-01,VR2W-123480,WCO_SB_2
A69-1602-9719,2020-01,VR2W-110862,WCO_SB_9_5
A69-1602-9720,2020-01,VR2Tx-482808,WCO_SB_9
A69-1602-9720,2020-01,VR2W-102744,WCO_SB_10
A69-1602-9720,2020-01,VR2W-110862,WCO_SB_9_5
A69-1602-9721,2020-01,VR2W-102744,WCO_SB_10
A69-1602-9721,2020-01,VR2W-110862,WCO_SB_9_5
A69-1602-16712,2020-02,VR2Tx-482808,WCO_SB_9
A69-1602-16712,2020-02,VR2W-102744,WCO_SB_10
A69-1602-16712,2020-02,VR2W-110862,WCO_SB_9_5
A69-1602-16712,2020-02,VR2W-123480,WCO_SB_2
A69-1602-9712,2020-02,VR2W-102744,WCO_SB_10
A69-1602-9714,2020-02,VR2W-102744,WCO_SB_10
A69-1602-9719,2020-02,VR2W-110862,WCO_SB_9_5
A69-1602-9720,2020-02,VR2Tx-482808,WCO_SB_9
A69-1602-9720,2020-02,VR2W-102744,WCO_SB_10
A69-1602-9720,2020-02,VR2W-110862,WCO_SB_9_5
A69-1602-9721,2020-02,VR2W-102744,WCO_SB_10
A69-1602-9721,2020-02,VR2W-110862,WCO_SB_9_5
A69-1602-9721,2020-02,VR2W-123480,WCO_SB_2
A69-1602-9723,2020-02,VR2W-110862,WCO_SB_9_5
A69-1602-14302,2020-03,VR2Tx-482810,WCO_SB_1
A69-1602-9712,2020-03,VR2W-102744,WCO_SB_10
A69-1602-9714,2020-03,VR2W-102744,WCO_SB_10
A69-1602-9719,2020-03,VR2W-110862,WCO_SB_9_5
A69-1602-9721,2020-03,VR2W-102744,WCO_SB_10
A69-1602-9721,2020-03,VR2W-110862,WCO_SB_9_5
A69-9001-13032,2020-03,VR2W-110768,WCO_Trailers
A69-9001-13032,2020-03,VR2W-110860,WCO_Carrington Point
A69-9001-13032,2020-03,VR2W-113881,WCO_Tyler Bight
A69-1602-16712,2020-04,VR2W-123480,WCO_SB_2
A69-1602-16716,2020-04,VR2W-102744,WCO_SB_10
A69-1602-16716,2020-04,VR2W-109181,WCO_SB_3
A69-1602-16716,2020-04,VR2W-110862,WCO_SB_9_5
A69-1602-16716,2020-04,VR2W-123480,WCO_SB_2
A69-1602-9712,2020-04,VR2W-102744,WCO_SB_10
A69-1602-9719,2020-04,VR2W-110862,WCO_SB_9_5
A69-1602-9720,2020-04,VR2W-102744,WCO_SB_10
A69-1602-9720,2020-04,VR2W-110862,WCO_SB_9_5
A69-1602-9721,2020-04,VR2Tx-482808,WCO_SB_9
A69-1602-9721,2020-04,VR2Tx-482810,WCO_SB_1
A69-1602-9721,2020-04,VR2W-102744,WCO_SB_10
A69-1602-9721,2020-04,VR2W-109181,WCO_SB_3
A69-1602-9721,2020-04,VR2W-110862,WCO_SB_9_5
A69-1602-9721,2020-04,VR2W-123480,WCO_SB_2
A69-1602-9721,2020-04,VR2W-133755,WCO_Mound_Inshore
A69-1602-9723,2020-04,VR2W-110862,WCO_SB_9_5
A69-1602-16712,2020-05,VR2W-109181,WCO_SB_3
A69-1602-16712,2020-05,VR2W-123480,WCO_SB_2
A69-1602-16712,2020-05,VR2W-129550,WCO_SB_7
A69-1602-16712,2020-05,VR2W-133753,WCO_SB_4
A69-1602-16712,2020-05,VR2W-133757,WCO_SB_5
A69-1602-16712,2020-05,VR2W-133758,WCO_SB_6
A69-1602-16716,2020-05,VR2Tx-482808,WCO_SB_9
A69-1602-16716,2020-05,VR2Tx-482810,WCO_SB_1
A69-1602-16716,2020-05,VR2W-102744,WCO_SB_10
A69-1602-16716,2020-05,VR2W-109181,WCO_SB_3
A69-1602-16716,2020-05,VR2W-110862,WCO_SB_9_5
A69-1602-16716,2020-05,VR2W-123480,WCO_SB_2
A69-1602-16716,2020-05,VR2W-133753,WCO_SB_4
A69-1602-16716,2020-05,VR2W-133755,WCO_Mound_Inshore
A69-1602-9719,2020-05,VR2W-110862,WCO_SB_9_5
A69-1602-9720,2020-05,VR2Tx-482810,WCO_SB_1
A69-1602-9720,2020-05,VR2W-102744,WCO_SB_10
A69-1602-9720,2020-05,VR2W-110862,WCO_SB_9_5
A69-1602-9720,2020-05,VR2W-123480,WCO_SB_2
A69-1602-9720,2020-05,VR2W-133755,WCO_Mound_Inshore
A69-1602-9721,2020-05,VR2Tx-482808,WCO_SB_9
A69-1602-9721,2020-05,VR2Tx-482809,WCO_SB_8
A69-1602-9721,2020-05,VR2Tx-482810,WCO_SB_1
A69-1602-9721,2020-05,VR2W-102744,WCO_SB_10
A69-1602-9721,2020-05,VR2W-110862,WCO_SB_9_5
A69-1602-9721,2020-05,VR2W-123480,WCO_SB_2
A69-1602-9721,2020-05,VR2W-133755,WCO_Mound_Inshore
A69-1602-9723,2020-05,VR2W-110862,WCO_SB_9_5
A69-1602-16712,2020-06,VR2Tx-482808,WCO_SB_9
A69-1602-16712,2020-06,VR2Tx-482809,WCO_SB_8
A69-1602-16712,2020-06,VR2W-102744,WCO_SB_10
A69-1602-16712,2020-06,VR2W-109181,WCO_SB_3
A69-1602-16712,2020-06,VR2W-110862,WCO_SB_9_5
A69-1602-16712,2020-06,VR2W-123480,WCO_SB_2
A69-1602-16712,2020-06,VR2W-129550,WCO_SB_7
A69-1602-16712,2020-06,VR2W-133753,WCO_SB_4
A69-1602-16712,2020-06,VR2W-133755,WCO_Mound_Inshore
A69-1602-16712,2020-06,VR2W-133757,WCO_SB_5
A69-1602-16712,2020-06,VR2W-133758,WCO_SB_6
A69-1602-16716,2020-06,VR2Tx-482808,WCO_SB_9
A69-1602-16716,2020-06,VR2Tx-482810,WCO_SB_1
A69-1602-16716,2020-06,VR2W-102744,WCO_SB_10
A69-1602-16716,2020-06,VR2W-109181,WCO_SB_3
A69-1602-16716,2020-06,VR2W-110862,WCO_SB_9_5
A69-1602-16716,2020-06,VR2W-123480,WCO_SB_2
A69-1602-16716,2020-06,VR2W-133753,WCO_SB_4
A69-1602-16716,2020-06,VR2W-133755,WCO_Mound_Inshore
A69-1602-9719,2020-06,VR2Tx-482808,WCO_SB_9
A69-1602-9719,2020-06,VR2W-110862,WCO_SB_9_5
A69-1602-9720,2020-06,VR2Tx-482808,WCO_SB_9
A69-1602-9720,2020-06,VR2Tx-482810,WCO_SB_1
A69-1602-9720,2020-06,VR2W-102744,WCO_SB_10
A69-1602-9720,2020-06,VR2W-110862,WCO_SB_9_5
A69-1602-9720,2020-06,VR2W-123480,WCO_SB_2
A69-1602-9720,2020-06,VR2W-133755,WCO_Mound_Inshore
A69-1602-9721,2020-06,VR2Tx-482808,WCO_SB_9
A69-1602-9721,2020-06,VR2Tx-482810,WCO_SB_1
A69-1602-9721,2020-06,VR2W-102744,WCO_SB_10
A69-1602-9721,2020-06,VR2W-109181,WCO_SB_3
A69-1602-9721,2020-06,VR2W-110862,WCO_SB_9_5
A69-1602-9721,2020-06,VR2W-123480,WCO_SB_2
A69-1602-9721,2020-06,VR2W-133755,WCO_Mound_Inshore
A69-1602-9723,2020-06,VR2W-110862,WCO_SB_9_5
A69-1602-16712,2020-07,VR2Tx-482808,WCO_SB_9
A69-1602-16712,2020-07,VR2Tx-482809,WCO_SB_8
A69-1602-16712,2020-07,VR2Tx-482810,WCO_SB_1
A69-1602-16712,2020-07,VR2W-102744,WCO_SB_10
A69-1602-16712,2020-07,VR2W-109181,WCO_SB_3
A69-1602-16712,2020-07,VR2W-110862,WCO_SB_9_5
A69-1602-16712,2020-07,VR2W-123480,WCO_SB_2
A69-1602-16712,2020-07,VR2W-133755,WCO_Mound_Inshore
A69-1602-16712,2020-07,VR2W-133757,WCO_SB_5
A69-1602-16712,2020-07,VR2W-133758,WCO_SB_6
A69-1602-16716,2020-07,VR2Tx-482808,WCO_SB_9
A69-1602-16716,2020-07,VR2Tx-482810,WCO_SB_1
A69-1602-16716,2020-07,VR2W-102744,WCO_SB_10
A69-1602-16716,2020-07,VR2W-109181,WCO_SB_3
A69-1602-16716,2020-07,VR2W-110862,WCO_SB_9_5
A69-1602-16716,2020-07,VR2W-123480,WCO_SB_2
A69-1602-16716,2020-07,VR2W-133755,WCO_Mound_Inshore
A69-1602-9719,2020-07,VR2W-110862,WCO_SB_9_5
A69-1602-9720,2020-07,VR2Tx-482808,WCO_SB_9
A69-1602-9720,2020-07,VR2Tx-482809,WCO_SB_8
A69-1602-9720,2020-07,VR2Tx-482810,WCO_SB_1
A69-1602-9720,2020-07,VR2W-102744,WCO_SB_10
A69-1602-9720,2020-07,VR2W-109181,WCO_SB_3
A69-1602-9720,2020-07,VR2W-110862,WCO_SB_9_5
A69-1602-9720,2020-07,VR2W-123480,WCO_SB_2
A69-1602-9720,2020-07,VR2W-133755,WCO_Mound_Inshore
A69-1602-9720,2020-07,VR2W-133757,WCO_SB_5
A69-1602-9720,2020-07,VR2W-133758,WCO_SB_6
A69-1602-9721,2020-07,VR2Tx-482808,WCO_SB_9
A69-1602-9721,2020-07,VR2Tx-482809,WCO_SB_8
A69-1602-9721,2020-07,VR2Tx-482810,WCO_SB_1
A69-1602-9721,2020-07,VR2W-102744,WCO_SB_10
A69-1602-9721,2020-07,VR2W-109181,WCO_SB_3
A69-1602-9721,2020-07,VR2W-110862,WCO_SB_9_5
A69-1602-9721,2020-07,VR2W-123480,WCO_SB_2
A69-1602-9721,2020-07,VR2W-133755,WCO_Mound_Inshore
A69-1602-9723,2020-07,VR2W-110862,WCO_SB_9_5
A69-1601-62006,2020-08,VR2W-133756,WCO_Carpinteria
A69-1602-16712,2020-08,VR2Tx-482808,WCO_SB_9
A69-1602-16712,2020-08,VR2Tx-482809,WCO_SB_8
A69-1602-16712,2020-08,VR2Tx-482810,WCO_SB_1
A69-1602-16712,2020-08,VR2W-102744,WCO_SB_10
A69-1602-16712,2020-08,VR2W-109181,WCO_SB_3
A69-1602-16712,2020-08,VR2W-110862,WCO_SB_9_5
A69-1602-16712,2020-08,VR2W-123480,WCO_SB_2
A69-1602-16712,2020-08,VR2W-133755,WCO_Mound_Inshore
A69-1602-16712,2020-08,VR2W-133757,WCO_SB_5
A69-1602-16716,2020-08,VR2Tx-482810,WCO_SB_1
A69-1602-16716,2020-08,VR2W-102744,WCO_SB_10
A69-1602-16716,2020-08,VR2W-109181,WCO_SB_3
A69-1602-16716,2020-08,VR2W-123480,WCO_SB_2
A69-1602-16716,2020-08,VR2W-133755,WCO_Mound_Inshore
A69-1602-9719,2020-08,VR2W-110862,WCO_SB_9_5
A69-1602-9720,2020-08,VR2Tx-482808,WCO_SB_9
A69-1602-9720,2020-08,VR2Tx-482809,WCO_SB_8
A69-1602-9720,2020-08,VR2Tx-482810,WCO_SB_1
A69-1602-9720,2020-08,VR2W-102744,WCO_SB_10
A69-1602-9720,2020-08,VR2W-110862,WCO_SB_9_5
A69-1602-9720,2020-08,VR2W-123480,WCO_SB_2
A69-1602-9720,2020-08,VR2W-133755,WCO_Mound_Inshore
A69-1602-9721,2020-08,VR2Tx-482808,WCO_SB_9
A69-1602-9721,2020-08,VR2Tx-482809,WCO_SB_8
A69-1602-9721,2020-08,VR2Tx-482810,WCO_SB_1
A69-1602-9721,2020-08,VR2W-102744,WCO_SB_10
A69-1602-9721,2020-08,VR2W-109181,WCO_SB_3
A69-1602-9721,2020-08,VR2W-110862,WCO_SB_9_5
A69-1602-9721,2020-08,VR2W-123480,WCO_SB_2
A69-1602-9721,2020-08,VR2W-133755,WCO_Mound_Inshore
A69-1602-9723,2020-08,VR2W-110862,WCO_SB_9_5
A69-1602-16712,2020-09,VR2Tx-482808,WCO_SB_9
A69-1602-16712,2020-09,VR2Tx-482809,WCO_SB_8
A69-1602-16712,2020-09,VR2Tx-482810,WCO_SB_1
A69-1602-16712,2020-09,VR2W-102744,WCO_SB_10
A69-1602-16712,2020-09,VR2W-109181,WCO_SB_3
A69-1602-16712,2020-09,VR2W-110862,WCO_SB_9_5
A69-1602-16712,2020-09,VR2W-123480,WCO_SB_2
A69-1602-16712,2020-09,VR2W-133755,WCO_Mound_Inshore
A69-1602-16712,2020-09,VR2W-133757,WCO_SB_5
A69-1602-9719,2020-09,VR2W-110862,WCO_SB_9_5
A69-1602-9721,2020-09,VR2Tx-482810,WCO_SB_1
A69-1602-9721,2020-09,VR2W-102744,WCO_SB_10
A69-1602-9721,2020-09,VR2W-110862,WCO_SB_9_5
A69-1602-9721,2020-09,VR2W-133755,WCO_Mound_Inshore
A69-1602-9723,2020-09,VR2W-110862,WCO_SB_9_5
A69-1601-62047,2020-10,VR2Tx-482805,WCO_WR_C
A69-1601-62047,2020-10,VR2Tx-482806,WCO_SB_2
A69-1601-62047,2020-10,VR2Tx-482808,WCO_SB_9
A69-1601-62047,2020-10,VR2Tx-485163,WCO_SB_9_5
A69-1601-62047,2020-10,VR2W-102744,WCO_SB_10
A69-1601-62047,2020-10,VR2W-110861,WCO_SB_3
A69-1601-62047,2020-10,VR2W-110864,WCO_SB_1
A69-1601-62047,2020-10,VR2W-129550,WCO_SB_10
A69-1601-62047,2020-10,VR2W-133758,WCO_SB_9
A69-1602-16710,2020-10,VR2Tx-482805,WCO_WR_C
A69-1602-16710,2020-10,VR2Tx-482806,WCO_SB_2
A69-1602-16710,2020-10,VR2Tx-485163,WCO_SB_9_5
A69-1602-16710,2020-10,VR2W-109181,WCO_SB_5
A69-1602-16710,2020-10,VR2W-110861,WCO_SB_3
A69-1602-16710,2020-10,VR2W-110864,WCO_SB_1
A69-1602-16710,2020-10,VR2W-123480,WCO_SB_6
A69-1602-16710,2020-10,VR2W-129550,WCO_SB_10
A69-1602-16710,2020-10,VR2W-133753,WCO_SB_7
A69-1602-16710,2020-10,VR2W-133758,WCO_SB_9
A69-1602-16712,2020-10,VR2Tx-482806,WCO_SB_2
A69-1602-16712,2020-10,VR2Tx-482809,WCO_SB_8
A69-1602-16712,2020-10,VR2Tx-482810,WCO_SB_1
A69-1602-16712,2020-10,VR2Tx-485163,WCO_SB_9_5
A69-1602-16712,2020-10,VR2W-102744,WCO_SB_10
A69-1602-16712,2020-10,VR2W-109181,WCO_SB_3
A69-1602-16712,2020-10,VR2W-110864,WCO_SB_1
A69-1602-16712,2020-10,VR2W-123480,WCO_SB_2
A69-1602-16712,2020-10,VR2W-129550,WCO_SB_10
A69-1602-16712,2020-10,VR2W-133753,WCO_SB_7
A69-1602-16712,2020-10,VR2W-133755,WCO_Mound_Inshore
A69-1602-16712,2020-10,VR2W-133757,WCO_SB_5
A69-1602-16712,2020-10,VR2W-133758,WCO_SB_9
A69-1602-16713,2020-10,VR2W-133753,WCO_SB_7
A69-1602-16715,2020-10,VR2Tx-482806,WCO_SB_2
A69-1602-16715,2020-10,VR2Tx-485163,WCO_SB_9_5
A69-1602-16715,2020-10,VR2W-110861,WCO_SB_3
A69-1602-16715,2020-10,VR2W-110864,WCO_SB_1
A69-1602-16715,2020-10,VR2W-129550,WCO_SB_10
A69-1602-16718,2020-10,VR2Tx-482806,WCO_SB_2
A69-1602-16718,2020-10,VR2Tx-482809,WCO_SB_8
A69-1602-16718,2020-10,VR2Tx-485163,WCO_SB_9_5
A69-1602-16718,2020-10,VR2W-109181,WCO_SB_5
A69-1602-16718,2020-10,VR2W-110861,WCO_SB_3
A69-1602-16718,2020-10,VR2W-133753,WCO_SB_7
A69-1602-16718,2020-10,VR2W-133758,WCO_SB_9
A69-1602-9671,2020-10,VR2W-133756,WCO_Carpinteria
A69-1602-9713,2020-10,VR2Tx-482806,WCO_SB_2
A69-1602-9713,2020-10,VR2Tx-485163,WCO_SB_9_5
A69-1602-9713,2020-10,VR2W-110864,WCO_SB_1
A69-1602-9713,2020-10,VR2W-129550,WCO_SB_10
A69-1602-9713,2020-10,VR2W-133758,WCO_SB_9
A69-1602-9719,2020-10,VR2W-110862,WCO_SB_9_5
A69-1602-9719,2020-10,VR2W-133758,WCO_SB_9
A69-1602-9721,2020-10,VR2Tx-482810,WCO_SB_1
A69-1602-9721,2020-10,VR2Tx-485163,WCO_SB_9_5
A69-1602-9721,2020-10,VR2W-102744,WCO_SB_10
A69-1602-9721,2020-10,VR2W-110862,WCO_SB_9_5
A69-1602-9721,2020-10,VR2W-110864,WCO_SB_1
A69-1602-9721,2020-10,VR2W-129550,WCO_SB_10
A69-1602-9721,2020-10,VR2W-133755,WCO_Mound_Inshore
A69-1602-9721,2020-10,VR2W-133758,WCO_SB_9
A69-1602-9723,2020-10,VR2Tx-485163,WCO_SB_9_5
A69-1602-9723,2020-10,VR2W-110862,WCO_SB_9_5
A69-1601-62006,2020-11,VR2W-133756,WCO_Carpinteria
A69-1601-62009,2020-11,VR2W-133756,WCO_Carpinteria
A69-1601-62047,2020-11,VR2Tx-485163,WCO_SB_9_5
A69-1601-62047,2020-11,VR2W-129550,WCO_SB_10
A69-1601-62047,2020-11,VR2W-133758,WCO_SB_9
A69-1602-16710,2020-11,VR2Tx-482806,WCO_SB_2
A69-1602-16710,2020-11,VR2Tx-482810,WCO_Mound_Offshore
A69-1602-16710,2020-11,VR2Tx-485163,WCO_SB_9_5
A69-1602-16710,2020-11,VR2W-109181,WCO_SB_5
A69-1602-16710,2020-11,VR2W-110861,WCO_SB_3
A69-1602-16710,2020-11,VR2W-110864,WCO_SB_1
A69-1602-16710,2020-11,VR2W-129550,WCO_SB_10
A69-1602-16710,2020-11,VR2W-133758,WCO_SB_9
A69-1602-16712,2020-11,VR2Tx-482805,WCO_WR_C
A69-1602-16712,2020-11,VR2Tx-482809,WCO_SB_8
A69-1602-16712,2020-11,VR2Tx-482810,WCO_Mound_Offshore
A69-1602-16712,2020-11,VR2Tx-485163,WCO_SB_9_5
A69-1602-16712,2020-11,VR2W-109181,WCO_SB_5
A69-1602-16712,2020-11,VR2W-123480,WCO_SB_6
A69-1602-16712,2020-11,VR2W-129550,WCO_SB_10
A69-1602-16712,2020-11,VR2W-133753,WCO_SB_7
A69-1602-16712,2020-11,VR2W-133758,WCO_SB_9
A69-1602-16713,2020-11,VR2W-133753,WCO_SB_7
A69-1602-16714,2020-11,VR2W-129550,WCO_SB_10
A69-1602-16715,2020-11,VR2Tx-482810,WCO_Mound_Offshore
A69-1602-16715,2020-11,VR2Tx-485163,WCO_SB_9_5
A69-1602-16715,2020-11,VR2W-129550,WCO_SB_10
A69-1602-16718,2020-11,VR2Tx-482809,WCO_SB_8
A69-1602-16718,2020-11,VR2Tx-485163,WCO_SB_9_5
A69-1602-16718,2020-11,VR2W-129550,WCO_SB_10
A69-1602-16718,2020-11,VR2W-133758,WCO_SB_9
A69-1602-9713,2020-11,VR2Tx-482810,WCO_Mound_Offshore
A69-1602-9713,2020-11,VR2Tx-485163,WCO_SB_9_5
A69-1602-9713,2020-11,VR2W-129550,WCO_SB_10
A69-1602-9713,2020-11,VR2W-133758,WCO_SB_9
A69-1602-9719,2020-11,VR2W-133758,WCO_SB_9
A69-1602-9721,2020-11,VR2Tx-482806,WCO_SB_2
A69-1602-9721,2020-11,VR2Tx-482810,WCO_Mound_Offshore
A69-1602-9721,2020-11,VR2Tx-485163,WCO_SB_9_5
A69-1602-9721,2020-11,VR2W-110864,WCO_SB_1
A69-1602-9721,2020-11,VR2W-129550,WCO_SB_10
A69-1602-9723,2020-11,VR2Tx-485163,WCO_SB_9_5
A69-1601-62009,2020-12,VR2W-133756,WCO_Carpinteria
A69-1601-62047,2020-12,VR2Tx-485163,WCO_SB_9_5
A69-1601-62047,2020-12,VR2W-129550,WCO_SB_10
A69-1601-62047,2020-12,VR2W-133758,WCO_SB_9
A69-1602-16712,2020-12,VR2Tx-482805,WCO_WR_C
A69-1602-16712,2020-12,VR2Tx-482806,WCO_SB_2
A69-1602-16712,2020-12,VR2Tx-482809,WCO_SB_8
A69-1602-16712,2020-12,VR2Tx-482810,WCO_Mound_Offshore
A69-1602-16712,2020-12,VR2Tx-485163,WCO_SB_9_5
A69-1602-16712,2020-12,VR2W-109181,WCO_SB_5
A69-1602-16712,2020-12,VR2W-110864,WCO_SB_1
A69-1602-16712,2020-12,VR2W-123480,WCO_SB_6
A69-1602-16712,2020-12,VR2W-129550,WCO_SB_10
A69-1602-16712,2020-12,VR2W-133753,WCO_SB_7
A69-1602-16712,2020-12,VR2W-133758,WCO_SB_9
A69-1602-16713,2020-12,VR2W-133753,WCO_SB_7
A69-1602-16714,2020-12,VR2Tx-482810,WCO_Mound_Offshore
A69-1602-16715,2020-12,VR2Tx-482810,WCO_Mound_Offshore
A69-1602-16715,2020-12,VR2Tx-485163,WCO_SB_9_5
A69-1602-16715,2020-12,VR2W-129550,WCO_SB_10
A69-1602-16718,2020-12,VR2W-133758,WCO_SB_9
A69-1602-9713,2020-12,VR2Tx-482810,WCO_Mound_Offshore
A69-1602-9713,2020-12,VR2Tx-485163,WCO_SB_9_5
A69-1602-9713,2020-12,VR2W-129550,WCO_SB_10
A69-1602-9719,2020-12,VR2Tx-485163,WCO_SB_9_5
A69-1602-9721,2020-12,VR2Tx-482810,WCO_Mound_Offshore
A69-1602-9721,2020-12,VR2Tx-485163,WCO_SB_9_5
A69-1602-9721,2020-12,VR2W-110864,WCO_SB_1
A69-1602-9721,2020-12,VR2W-129550,WCO_SB_10
A69-1602-9721,2020-12,VR2W-133758,WCO_SB_9
A69-1601-62047,2021-01,VR2Tx-485163,WCO_SB_9_5
A69-1601-62047,2021-01,VR2W-129550,WCO_SB_10
A69-1601-62047,2021-01,VR2W-133758,WCO_SB_9
A69-1602-16712,2021-01,VR2Tx-482806,WCO_SB_2
A69-1602-16712,2021-01,VR2Tx-482810,WCO_Mound_Offshore
A69-1602-16712,2021-01,VR2Tx-485163,WCO_SB_9_5
A69-1602-16712,2021-01,VR2W-129550,WCO_SB_10
A69-1602-16712,2021-01,VR2W-133753,WCO_SB_7
A69-1602-16712,2021-01,VR2W-133758,WCO_SB_9
A69-1602-16713,2021-01,VR2W-133753,WCO_SB_7
A69-1602-16714,2021-01,VR2Tx-482810,WCO_Mound_Offshore
A69-1602-16715,2021-01,VR2Tx-482810,WCO_Mound_Offshore
A69-1602-16715,2021-01,VR2Tx-485163,WCO_SB_9_5
A69-1602-16715,2021-01,VR2W-129550,WCO_SB_10
A69-1602-9719,2021-01,VR2Tx-485163,WCO_SB_9_5
A69-1602-9721,2021-01,VR2Tx-482810,WCO_Mound_Offshore
A69-1602-9721,2021-01,VR2Tx-485163,WCO_SB_9_5
A69-1602-9721,2021-01,VR2W-110864,WCO_SB_1
A69-1602-9721,2021-01,VR2W-129550,WCO_SB_10
A69-1602-9723,2021-01,VR2Tx-485163,WCO_SB_9_5
A69-1601-62047,2021-02,VR2Tx-485163,WCO_SB_9_5
A69-1601-62047,2021-02,VR2W-129550,WCO_SB_10
A69-1601-62047,2021-02,VR2W-133758,WCO_SB_9
A69-1602-16712,2021-02,VR2Tx-482810,WCO_Mound_Offshore
A69-1602-16712,2021-02,VR2Tx-485163,WCO_SB_9_5
A69-1602-16713,2021-02,VR2W-133753,WCO_SB_7
A69-1602-16715,2021-02,VR2Tx-482810,WCO_Mound_Offshore
A69-1602-16715,2021-02,VR2Tx-485163,WCO_SB_9_5
A69-1602-16715,2021-02,VR2W-129550,WCO_SB_10
A69-1602-9713,2021-02,VR2Tx-485163,WCO_SB_9_5
A69-1602-9713,2021-02,VR2W-133758,WCO_SB_9
A69-1602-9719,2021-02,VR2Tx-485163,WCO_SB_9_5
A69-1602-9721,2021-02,VR2Tx-482810,WCO_Mound_Offshore
A69-1602-9721,2021-02,VR2Tx-485163,WCO_SB_9_5
A69-1602-9721,2021-02,VR2W-110864,WCO_SB_1
A69-1602-9721,2021-02,VR2W-129550,WCO_SB_10
A69-1602-9723,2021-02,VR2Tx-485163,WCO_SB_9_5
A69-1601-62047,2021-03,VR2Tx-485163,WCO_SB_9_5
A69-1601-62047,2021-03,VR2W-129550,WCO_SB_10
A69-1601-62047,2021-03,VR2W-133758,WCO_SB_9
A69-1602-16710,2021-03,VR2Tx-482806,WCO_SB_2
A69-1602-16710,2021-03,VR2Tx-482810,WCO_Mound_Offshore
A69-1602-16710,2021-03,VR2W-109181,WCO_SB_5
A69-1602-16712,2021-03,VR2Tx-482805,WCO_WR_C
A69-1602-16712,2021-03,VR2Tx-482806,WCO_SB_2
A69-1602-16713,2021-03,VR2W-133753,WCO_SB_7
A69-1602-16714,2021-03,VR2W-129550,WCO_SB_10
A69-1602-16715,2021-03,VR2Tx-482806,WCO_SB_2
A69-1602-16715,2021-03,VR2Tx-482810,WCO_Mound_Offshore
A69-1602-16715,2021-03,VR2Tx-485163,WCO_SB_9_5
A69-1602-16715,2021-03,VR2W-110864,WCO_SB_1
A69-1602-16715,2021-03,VR2W-129550,WCO_SB_10
A69-1602-16715,2021-03,VR2W-133758,WCO_SB_9
A69-1602-9713,2021-03,VR2Tx-482806,WCO_SB_2
A69-1602-9713,2021-03,VR2W-109181,WCO_SB_5
A69-1602-9721,2021-03,VR2Tx-482810,WCO_Mound_Offshore
A69-1602-9721,2021-03,VR2Tx-485163,WCO_SB_9_5
A69-1602-9721,2021-03,VR2W-110864,WCO_SB_1
A69-1602-9721,2021-03,VR2W-129550,WCO_SB_10
A69-1601-62047,2021-04,VR2Tx-485163,WCO_SB_9_5
A69-1601-62047,2021-04,VR2W-129550,WCO_SB_10
A69-1601-62047,2021-04,VR2W-133758,WCO_SB_9
A69-1602-16710,2021-04,VR2Tx-482806,WCO_SB_2
A69-1602-16710,2021-04,VR2W-109181,WCO_SB_5
A69-1602-16712,2021-04,VR2Tx-482806,WCO_SB_2
A69-1602-16712,2021-04,VR2Tx-482810,WCO_Mound_Offshore
A69-1602-16712,2021-04,VR2Tx-485163,WCO_SB_9_5
A69-1602-16712,2021-04,VR2W-129550,WCO_SB_10
A69-1602-16712,2021-04,VR2W-133753,WCO_SB_7
A69-1602-16713,2021-04,VR2W-133753,WCO_SB_7
A69-1602-16714,2021-04,VR2Tx-482810,WCO_Mound_Offshore
A69-1602-16714,2021-04,VR2W-129550,WCO_SB_10
A69-1602-16715,2021-04,VR2Tx-482806,WCO_SB_2
A69-1602-16715,2021-04,VR2Tx-482810,WCO_Mound_Offshore
A69-1602-16715,2021-04,VR2Tx-485163,WCO_SB_9_5
A69-1602-16715,2021-04,VR2W-110864,WCO_SB_1
A69-1602-16715,2021-04,VR2W-129550,WCO_SB_10
A69-1602-16715,2021-04,VR2W-133758,WCO_SB_9
A69-1602-9713,2021-04,VR2Tx-482806,WCO_SB_2
A69-1602-9713,2021-04,VR2Tx-482810,WCO_Mound_Offshore
A69-1602-9713,2021-04,VR2Tx-485163,WCO_SB_9_5
A69-1602-9713,2021-04,VR2W-109181,WCO_SB_5
A69-1602-9713,2021-04,VR2W-110864,WCO_SB_1
A69-1602-9713,2021-04,VR2W-129550,WCO_SB_10
A69-1602-9713,2021-04,VR2W-133753,WCO_SB_7
A69-1602-9713,2021-04,VR2W-133758,WCO_SB_9
A69-1601-62047,2021-05,VR2Tx-485163,WCO_SB_9_5
A69-1601-62047,2021-05,VR2W-129550,WCO_SB_10
A69-1601-62047,2021-05,VR2W-133758,WCO_SB_9
A69-1602-16710,2021-05,VR2Tx-482806,WCO_SB_2
A69-1602-16710,2021-05,VR2W-109181,WCO_SB_5
A69-1602-16712,2021-05,VR2Tx-482805,WCO_WR_C
A69-1602-16712,2021-05,VR2Tx-482806,WCO_SB_2
A69-1602-16712,2021-05,VR2Tx-482810,WCO_Mound_Offshore
A69-1602-16712,2021-05,VR2Tx-485163,WCO_SB_9_5
A69-1602-16712,2021-05,VR2W-109181,WCO_SB_5
A69-1602-16712,2021-05,VR2W-110864,WCO_SB_1
A69-1602-16712,2021-05,VR2W-129550,WCO_SB_10
A69-1602-16712,2021-05,VR2W-133753,WCO_SB_7
A69-1602-16712,2021-05,VR2W-133758,WCO_SB_9
A69-1602-16713,2021-05,VR2W-133753,WCO_SB_7
A69-1602-16714,2021-05,VR2W-129550,WCO_SB_10
A69-1602-16715,2021-05,VR2Tx-482806,WCO_SB_2
A69-1602-16715,2021-05,VR2Tx-482810,WCO_Mound_Offshore
A69-1602-16715,2021-05,VR2Tx-485163,WCO_SB_9_5
A69-1602-16715,2021-05,VR2W-110864,WCO_SB_1
A69-1602-16715,2021-05,VR2W-129550,WCO_SB_10
A69-1602-9713,2021-05,VR2Tx-482806,WCO_SB_2
A69-1602-9713,2021-05,VR2Tx-482810,WCO_Mound_Offshore
A69-1602-9713,2021-05,VR2Tx-485163,WCO_SB_9_5
A69-1602-9713,2021-05,VR2W-110864,WCO_SB_1
A69-1602-9713,2021-05,VR2W-129550,WCO_SB_10
A69-1602-9713,2021-05,VR2W-133753,WCO_SB_7
A69-1602-9713,2021-05,VR2W-133758,WCO_SB_9
A69-1601-62047,2021-06,VR2Tx-485163,WCO_SB_9_5
A69-1601-62047,2021-06,VR2W-129550,WCO_SB_10
A69-1601-62047,2021-06,VR2W-133758,WCO_SB_9
A69-1602-16710,2021-06,VR2Tx-482806,WCO_SB_2
A69-1602-16710,2021-06,VR2Tx-485163,WCO_SB_9_5
A69-1602-16710,2021-06,VR2W-109181,WCO_SB_5
A69-1602-16710,2021-06,VR2W-110864,WCO_SB_1
A69-1602-16710,2021-06,VR2W-129550,WCO_SB_10
A69-1602-16712,2021-06,VR2Tx-482805,WCO_WR_C
A69-1602-16712,2021-06,VR2Tx-482806,WCO_SB_2
A69-1602-16712,2021-06,VR2W-109181,WCO_SB_5
A69-1602-16712,2021-06,VR2W-133753,WCO_SB_7
A69-1602-16713,2021-06,VR2W-133753,WCO_SB_7
A69-1602-16715,2021-06,VR2Tx-482806,WCO_SB_2
A69-1602-16715,2021-06,VR2Tx-485163,WCO_SB_9_5
A69-1602-16715,2021-06,VR2W-110864,WCO_SB_1
A69-1602-16715,2021-06,VR2W-129550,WCO_SB_10
A69-1602-16715,2021-06,VR2W-133758,WCO_SB_9
A69-1602-9713,2021-06,VR2Tx-482806,WCO_SB_2
A69-1602-9713,2021-06,VR2Tx-485163,WCO_SB_9_5
A69-1602-9713,2021-06,VR2W-110864,WCO_SB_1
A69-1602-9713,2021-06,VR2W-129550,WCO_SB_10
A69-1602-9713,2021-06,VR2W-133758,WCO_SB_9
A69-1601-62047,2021-07,VR2Tx-482805,WCO_WR_C
A69-1601-62047,2021-07,VR2Tx-482806,WCO_SB_2
A69-1601-62047,2021-07,VR2Tx-482809,WCO_SB_8
A69-1601-62047,2021-07,VR2Tx-485163,WCO_SB_9_5
A69-1601-62047,2021-07,VR2W-109181,WCO_SB_5
A69-1601-62047,2021-07,VR2W-110864,WCO_SB_1
A69-1601-62047,2021-07,VR2W-110867,WCO_Scorpion
A69-1601-62047,2021-07,VR2W-129550,WCO_SB_10
A69-1601-62047,2021-07,VR2W-130873,WCO_SB_10
A69-1601-62047,2021-07,VR2W-133753,WCO_SB_7
A69-1601-62047,2021-07,VR2W-133758,WCO_SB_9
A69-1602-16713,2021-07,VR2Tx-482810,WCO_SB_7
A69-1602-16713,2021-07,VR2W-133753,WCO_SB_7
A69-1602-16715,2021-07,VR2Tx-482806,WCO_SB_2
A69-1602-16715,2021-07,VR2W-110864,WCO_SB_1
A69-1602-16715,2021-07,VR2W-129550,WCO_SB_10
A69-1602-16715,2021-07,VR2W-129793,WCO_SB_3
A69-1602-16715,2021-07,VR2W-130873,WCO_SB_10
A69-1601-62047,2021-08,VR2Tx-482805,WCO_WR_C
A69-1601-62047,2021-08,VR2Tx-482806,WCO_SB_2
A69-1601-62047,2021-08,VR2Tx-482809,WCO_SB_8
A69-1601-62047,2021-08,VR2Tx-485163,WCO_SB_9_5
A69-1601-62047,2021-08,VR2W-109181,WCO_SB_5
A69-1601-62047,2021-08,VR2W-129550,WCO_SB_10
A69-1601-62047,2021-08,VR2W-133753,WCO_SB_7
A69-1602-16713,2021-08,VR2Tx-482810,WCO_SB_7
A69-1602-16715,2021-08,VR2W-129793,WCO_SB_3
A69-1602-16715,2021-08,VR2W-130873,WCO_SB_10
A69-1601-62047,2021-09,VR2Tx-482805,WCO_WR_C
A69-1601-62047,2021-09,VR2Tx-482806,WCO_SB_2
A69-1601-62047,2021-09,VR2Tx-482809,WCO_SB_8
A69-1601-62047,2021-09,VR2Tx-485163,WCO_SB_9_5
A69-1601-62047,2021-09,VR2W-109181,WCO_SB_5
A69-1601-62047,2021-09,VR2W-129550,WCO_SB_10
A69-1601-62047,2021-09,VR2W-133753,WCO_SB_7
A69-1602-16713,2021-09,VR2Tx-482810,WCO_SB_7
A69-1602-16714,2021-09,VR2W-130873,WCO_SB_10
A69-1602-16715,2021-09,VR2W-103954,WCO_SB_9
A69-1602-16715,2021-09,VR2W-129793,WCO_SB_3
A69-1602-16715,2021-09,VR2W-130873,WCO_SB_10
A69-1601-62047,2021-10,VR2Tx-482805,WCO_WR_C
A69-1601-62047,2021-10,VR2Tx-482806,WCO_SB_2
A69-1601-62047,2021-10,VR2Tx-485163,WCO_SB_9_5
A69-1601-62047,2021-10,VR2Tx-485669,WCO_Anacapa South
A69-1601-62047,2021-10,VR2W-109181,WCO_SB_5
A69-1601-62047,2021-10,VR2W-110867,WCO_Scorpion
A69-1601-62047,2021-10,VR2W-120103,WCO_Carrington Point
A69-1601-62047,2021-10,VR2W-129550,WCO_SB_10
A69-1601-62047,2021-10,VR2W-129796,WCO_Pelican
A69-1601-62047,2021-10,VR2W-133753,WCO_SB_7
A69-1601-62096,2021-10,VR2Tx-482805,WCO_Cuyler
A69-1601-62096,2021-10,VR2Tx-482806,WCO_Smugglers
A69-1601-62096,2021-10,VR2Tx-485163,WCO_SB_9_5
A69-1601-62096,2021-10,VR2Tx-485669,WCO_Anacapa South
A69-1601-62096,2021-10,VR2W-109181,WCO_Johnson's Lee
A69-1601-62096,2021-10,VR2W-110867,WCO_Scorpion
A69-1601-62096,2021-10,VR2W-120103,WCO_Carrington Point
A69-1601-62096,2021-10,VR2W-129550,WCO_Tyler Bight
A69-1601-62096,2021-10,VR2W-129796,WCO_Pelican
A69-1602-16713,2021-10,VR2Tx-482810,WCO_SB_7
A69-1602-16715,2021-10,VR2W-103954,WCO_SB_9
A69-1602-16715,2021-10,VR2W-130873,WCO_SB_10
A69-1602-58084,2021-10,VR2W-102744,WCO_Trailers
A69-1601-62047,2021-11,VR2Tx-482805,WCO_Cuyler
A69-1601-62047,2021-11,VR2Tx-482806,WCO_Smugglers
A69-1601-62047,2021-11,VR2Tx-485163,WCO_SB_9_5
A69-1601-62047,2021-11,VR2Tx-485669,WCO_Anacapa South
A69-1601-62047,2021-11,VR2W-109181,WCO_Johnson's Lee
A69-1601-62047,2021-11,VR2W-110867,WCO_Scorpion
A69-1601-62047,2021-11,VR2W-120103,WCO_Carrington Point
A69-1601-62047,2021-11,VR2W-129550,WCO_Tyler Bight
A69-1601-62047,2021-11,VR2W-129796,WCO_Pelican
A69-1601-62096,2021-11,VR2Tx-482805,WCO_Cuyler
A69-1601-62096,2021-11,VR2Tx-482806,WCO_Smugglers
A69-1601-62096,2021-11,VR2Tx-485163,WCO_SB_9_5
A69-1601-62096,2021-11,VR2Tx-485669,WCO_Anacapa South
A69-1601-62096,2021-11,VR2W-109181,WCO_Johnson's Lee
A69-1601-62096,2021-11,VR2W-110867,WCO_Scorpion
A69-1601-62096,2021-11,VR2W-120103,WCO_Carrington Point
A69-1601-62096,2021-11,VR2W-129550,WCO_Tyler Bight
A69-1601-62096,2021-11,VR2W-129796,WCO_Pelican
A69-1602-16713,2021-11,VR2Tx-482810,WCO_SB_7
A69-1602-16715,2021-11,VR2W-130873,WCO_SB_10
A69-9001-8574,2021-11,VR2W-129796,WCO_Pelican
A69-1601-62047,2021-12,VR2Tx-485163,WCO_Winfield Scott
A69-1601-62096,2021-12,VR2Tx-485669,WCO_Anacapa South
A69-1602-16713,2021-12,VR2Tx-482810,WCO_SB_7
A69-1602-16715,2021-12,VR2W-103954,WCO_SB_9
A69-1602-16715,2021-12,VR2W-130873,WCO_SB_10
A69-1601-62047,2022-01,VR2Tx-485163,WCO_Winfield Scott
A69-1601-62096,2022-01,VR2Tx-485669,WCO_Anacapa South
A69-1602-16713,2022-01,VR2Tx-482810,WCO_SB_7
A69-1602-16715,2022-01,VR2W-130873,WCO_SB_10
A69-1601-62047,2022-02,VR2Tx-485163,WCO_Winfield Scott
A69-1601-62095,2022-02,VR2W-102744,WCO_Trailers
A69-1601-62095,2022-02,VR2W-133755,WCO_Hazards_Profile
A69-1601-62096,2022-02,VR2Tx-485669,WCO_Anacapa South
A69-1602-16713,2022-02,VR2Tx-482810,WCO_SB_7
A69-1602-16715,2022-02,VR2W-130873,WCO_SB_10
A69-1601-62047,2022-03,VR2Tx-485163,WCO_Winfield Scott
A69-1601-62095,2022-03,VR2W-102744,WCO_Trailers
A69-1601-62095,2022-03,VR2W-123465,WCO_Tyler Bight
A69-1601-62095,2022-03,VR2W-126022,WCO_Smugglers
A69-1601-62095,2022-03,VR2W-133755,WCO_Hazards_Profile
A69-1601-62096,2022-03,VR2Tx-485669,WCO_Anacapa South
A69-1602-16713,2022-03,VR2Tx-482810,WCO_SB_7
A69-1602-16715,2022-03,VR2W-130873,WCO_SB_10
A69-1601-62047,2022-04,VR2Tx-482803,WCO_MorsePoint
A69-1601-62047,2022-04,VR2Tx-482805,WCO_Cuyler
A69-1601-62047,2022-04,VR2Tx-482806,WCO_Smugglers
A69-1601-62047,2022-04,VR2Tx-485163,WCO_Winfield Scott
A69-1601-62047,2022-04,VR2Tx-485668,WCO_Winfield Scott
A69-1601-62047,2022-04,VR2Tx-485669,WCO_Anacapa South
A69-1601-62047,2022-04,VR2W-102744,WCO_Trailers
A69-1601-62047,2022-04,VR2W-109181,WCO_Johnson's Lee
A69-1601-62047,2022-04,VR2W-110867,WCO_Scorpion
A69-1601-62047,2022-04,VR2W-112752,WCO_Valley
A69-1601-62047,2022-04,VR2W-120103,WCO_Carrington Point
A69-1601-62047,2022-04,VR2W-129550,WCO_Tyler Bight
A69-1601-62047,2022-04,VR2W-129796,WCO_Pelican
A69-1601-62047,2022-04,VR2W-133755,WCO_Hazards_Profile
A69-1601-62096,2022-04,VR2Tx-482803,WCO_MorsePoint
A69-1601-62096,2022-04,VR2Tx-482805,WCO_Cuyler
A69-1601-62096,2022-04,VR2Tx-482806,WCO_Smugglers
A69-1601-62096,2022-04,VR2Tx-485163,WCO_Winfield Scott
A69-1601-62096,2022-04,VR2Tx-485669,WCO_Anacapa South
A69-1601-62096,2022-04,VR2W-102744,WCO_Trailers
A69-1601-62096,2022-04,VR2W-109181,WCO_Johnson's Lee
A69-1601-62096,2022-04,VR2W-110861,WCO_Anacapa South
A69-1601-62096,2022-04,VR2W-110867,WCO_Scorpion
A69-1601-62096,2022-04,VR2W-112752,WCO_Valley
A69-1601-62096,2022-04,VR2W-120103,WCO_Carrington Point
A69-1601-62096,2022-04,VR2W-129550,WCO_Tyler Bight
A69-1601-62096,2022-04,VR2W-129796,WCO_Pelican
A69-1601-62096,2022-04,VR2W-133755,WCO_Hazards_Profile
A69-1602-16713,2022-04,VR2Tx-482810,WCO_SB_7
A69-1602-16714,2022-04,VR2W-130873,WCO_SB_10
A69-1602-16715,2022-04,VR2W-129793,WCO_SB_3
A69-1602-16715,2022-04,VR2W-130873,WCO_SB_10
A69-1601-62047,2022-05,VR2Tx-482803,WCO_MorsePoint
A69-1601-62047,2022-05,VR2Tx-482806,WCO_SB_8
A69-1601-62047,2022-05,VR2Tx-485163,WCO_SB_10
A69-1601-62047,2022-05,VR2W-102744,WCO_Trailers
A69-1601-62047,2022-05,VR2W-109181,WCO_SB_3
A69-1601-62047,2022-05,VR2W-112752,WCO_Valley
A69-1601-62047,2022-05,VR2W-129550,WCO_SB_5
A69-1601-62047,2022-05,VR2W-129796,WCO_SB_7
A69-1601-62047,2022-05,VR2W-130873,WCO_SB_10
A69-1601-62047,2022-05,VR2W-133755,WCO_Hazards_Profile
A69-1601-62096,2022-05,VR2Tx-482803,WCO_MorsePoint
A69-1601-62096,2022-05,VR2Tx-482806,WCO_SB_8
A69-1601-62096,2022-05,VR2Tx-482810,WCO_SB_7
A69-1601-62096,2022-05,VR2Tx-485163,WCO_SB_10
A69-1601-62096,2022-05,VR2W-109181,WCO_SB_3
A69-1601-62096,2022-05,VR2W-112752,WCO_Valley
A69-1601-62096,2022-05,VR2W-129550,WCO_SB_5
A69-1601-62096,2022-05,VR2W-129793,WCO_SB_3
A69-1601-62096,2022-05,VR2W-129796,WCO_SB_7
A69-1601-62096,2022-05,VR2W-130873,WCO_SB_10
A69-1601-62096,2022-05,VR2W-132477,WCO_SB_5
A69-1601-62096,2022-05,VR2W-133755,WCO_Hazards_Profile
A69-1602-16713,2022-05,VR2Tx-482810,WCO_SB_7
A69-1602-16713,2022-05,VR2W-129796,WCO_SB_7
A69-1602-16715,2022-05,VR2Tx-485163,WCO_SB_10
A69-1602-16715,2022-05,VR2W-129793,WCO_SB_3
A69-1602-16715,2022-05,VR2W-130873,WCO_SB_10
A69-1602-52300,2022-05,VR2Tx-482810,WCO_SB_7
A69-1602-52300,2022-05,VR2W-129793,WCO_SB_3
A69-1601-62047,2022-06,VR2Tx-485163,WCO_SB_10
A69-1601-62096,2022-06,VR2Tx-482810,WCO_SB_7
A69-1601-62096,2022-06,VR2W-102744,WCO_Trailers
A69-1601-62096,2022-06,VR2W-129793,WCO_SB_3
A69-1601-62096,2022-06,VR2W-130873,WCO_SB_10
A69-1601-62096,2022-06,VR2W-132477,WCO_SB_5
A69-1602-16713,2022-06,VR2W-129796,WCO_SB_7
A69-1602-16715,2022-06,VR2Tx-485163,WCO_SB_10
A69-1602-16715,2022-06,VR2W-103954,WCO_SB_9
A69-1602-16715,2022-06,VR2W-109181,WCO_SB_3
A69-1601-62047,2022-07,VR2Tx-485163,WCO_SB_10
A69-1601-62096,2022-07,VR2Tx-482810,WCO_SB_7
A69-1601-62096,2022-07,VR2W-129793,WCO_SB_3
A69-1601-62096,2022-07,VR2W-130873,WCO_SB_10
A69-1601-62096,2022-07,VR2W-132477,WCO_SB_5
A69-1601-62047,2022-08,VR2Tx-485163,WCO_SB_10
A69-1601-62096,2022-08,VR2Tx-482810,WCO_SB_7
A69-1601-62096,2022-08,VR2W-129793,WCO_SB_3
A69-1601-62096,2022-08,VR2W-130873,WCO_SB_10
A69-1601-62096,2022-08,VR2W-132477,WCO_SB_5
A69-1601-62047,2022-09,VR2Tx-485163,WCO_SB_10
A69-1601-62096,2022-09,VR2Tx-485669,WCO_Anacapa South
A69-1601-62096,2022-09,VR2W-123480,WCO_Winfield Scott
A69-1601-62047,2022-10,VR2Tx-482803,WCO_MorsePoint
A69-1601-62047,2022-10,VR2Tx-482806,WCO_SB_8
A69-1601-62047,2022-10,VR2Tx-485163,WCO_SB_10
A69-1601-62047,2022-10,VR2W-103954,WCO_SB_9
A69-1601-62047,2022-10,VR2W-109181,WCO_SB_3
A69-1601-62047,2022-10,VR2W-109186,WCO_Scorpion
A69-1601-62047,2022-10,VR2W-110864,WCO_Valley
A69-1601-62047,2022-10,VR2W-127858,WCO_Smugglers
A69-1601-62047,2022-10,VR2W-129550,WCO_SB_5
A69-1601-62047,2022-10,VR2W-129796,WCO_SB_7
A69-1601-62096,2022-10,VR2Tx-485669,WCO_Anacapa South
A69-1601-62096,2022-10,VR2W-102744,WCO_Trailers
A69-1601-62096,2022-10,VR2W-110862,WCO_Carrington Point
A69-1601-62096,2022-10,VR2W-110867,WCO_Pelican
A69-1601-62096,2022-10,VR2W-123465,WCO_Tyler Bight
A69-1601-62096,2022-10,VR2W-123480,WCO_Winfield Scott
A69-1601-62096,2022-10,VR2W-127858,WCO_Smugglers
A69-1601-62096,2022-10,VR2W-132476,WCO_Cuyler
A69-1601-62096,2022-10,VR2W-132477,WCO_Trailers
A69-1601-62047,2022-11,VR2Tx-482803,WCO_MorsePoint
A69-1601-62047,2022-11,VR2Tx-482806,WCO_SB_8
A69-1601-62047,2022-11,VR2Tx-485163,WCO_SB_10
A69-1601-62047,2022-11,VR2Tx-485669,WCO_Anacapa South
A69-1601-62047,2022-11,VR2W-103954,WCO_SB_9
A69-1601-62047,2022-11,VR2W-109181,WCO_SB_3
A69-1601-62047,2022-11,VR2W-109186,WCO_Scorpion
A69-1601-62047,2022-11,VR2W-110864,WCO_Valley
A69-1601-62047,2022-11,VR2W-123480,WCO_Winfield Scott
A69-1601-62047,2022-11,VR2W-129550,WCO_SB_5
A69-1601-62047,2022-11,VR2W-129796,WCO_SB_7
A69-1601-62096,2022-11,VR2Tx-482806,WCO_SB_8
A69-1601-62096,2022-11,VR2Tx-485669,WCO_Anacapa South
A69-1601-62096,2022-11,VR2W-109181,WCO_SB_3
A69-1601-62096,2022-11,VR2W-109186,WCO_Scorpion
A69-1601-62096,2022-11,VR2W-110861,WCO_Anacapa South
A69-1601-62096,2022-11,VR2W-110864,WCO_Valley
A69-1601-62096,2022-11,VR2W-123480,WCO_Winfield Scott
A69-1601-62096,2022-11,VR2W-127858,WCO_Smugglers
A69-1601-62096,2022-11,VR2W-129550,WCO_SB_5
A69-1601-62096,2022-11,VR2W-129796,WCO_SB_7
A69-1602-58097,2022-11,VR2Tx-482810,WCO_Johnson's Lee
A69-1601-62047,2022-12,VR2Tx-482803,WCO_MorsePoint
A69-1601-62047,2022-12,VR2Tx-482806,WCO_SB_8
A69-1601-62047,2022-12,VR2Tx-485163,WCO_SB_10
A69-1601-62047,2022-12,VR2W-103954,WCO_SB_9
A69-1601-62047,2022-12,VR2W-109181,WCO_SB_3
A69-1601-62047,2022-12,VR2W-129550,WCO_SB_5
A69-1601-62047,2022-12,VR2W-129796,WCO_SB_7
A69-1601-62096,2022-12,VR2Tx-485669,WCO_Anacapa South
A69-1601-62096,2023-01,VR2Tx-485669,WCO_Anacapa South
A69-1601-62065,2023-02,VR2W-110864,WCO_Valley
A69-1601-62096,2023-02,VR2Tx-485669,WCO_Anacapa South
A69-1602-58097,2023-02,VR2W-130873,WCO_Tyler Bight
A69-1602-58097,2023-02,VR2W-132477,WCO_Trailers
A69-1602-58097,2023-02,VR2W-133753,WCO_MorsePoint
A69-1601-62047,2023-03,VR2Tx-482806,WCO_Smugglers
A69-1601-62047,2023-03,VR2Tx-482808,WCO_Pelican
A69-1601-62047,2023-03,VR2Tx-485163,WCO_Johnson's Lee
A69-1601-62047,2023-03,VR2Tx-485668,WCO_Anacapa South
A69-1601-62047,2023-03,VR2W-109181,WCO_Scorpion
A69-1601-62047,2023-03,VR2W-109186,WCO_Scorpion
A69-1601-62047,2023-03,VR2W-110861,WCO_Winfield Scott
A69-1601-62047,2023-03,VR2W-110864,WCO_Valley
A69-1601-62047,2023-03,VR2W-110867,WCO_Pelican
A69-1601-62047,2023-03,VR2W-112752,WCO_Trailers
A69-1601-62047,2023-03,VR2W-120103,WCO_Valley
A69-1601-62047,2023-03,VR2W-126022,WCO_Hazards_Profile
A69-1601-62047,2023-03,VR2W-127858,WCO_Smugglers
A69-1601-62047,2023-03,VR2W-129550,WCO_Tyler Bight
A69-1601-62047,2023-03,VR2W-129796,WCO_Cuyler
A69-1601-62096,2023-03,VR2Tx-485669,WCO_Anacapa South
A69-1601-62047,2023-04,VR2Tx-482805,WCO_Hazards_Profile
A69-1601-62047,2023-04,VR2Tx-482810,WCO_Johnson's Lee
A69-1601-62047,2023-04,VR2Tx-485163,WCO_Johnson's Lee
A69-1601-62047,2023-04,VR2Tx-485668,WCO_Anacapa South
A69-1601-62047,2023-04,VR2Tx-485669,WCO_Anacapa South
A69-1601-62047,2023-04,VR2W-109186,WCO_Scorpion
A69-1601-62047,2023-04,VR2W-110864,WCO_Valley
A69-1601-62047,2023-04,VR2W-110867,WCO_Pelican
A69-1601-62047,2023-04,VR2W-112752,WCO_Trailers
A69-1601-62047,2023-04,VR2W-123480,WCO_Winfield Scott
A69-1601-62047,2023-04,VR2W-126022,WCO_Hazards_Profile
A69-1601-62047,2023-04,VR2W-127858,WCO_Smugglers
A69-1601-62047,2023-04,VR2W-129550,WCO_Tyler Bight
A69-1601-62047,2023-04,VR2W-129796,WCO_Cuyler
A69-1601-62047,2023-04,VR2W-132477,WCO_Trailers
A69-1601-62047,2023-04,VR2W-133753,WCO_MorsePoint
A69-1601-62047,2023-04,VR2W-133758,WCO_Carrington Point
A69-1601-62096,2023-04,VR2Tx-482805,WCO_Hazards_Profile
A69-1601-62096,2023-04,VR2Tx-482810,WCO_Johnson's Lee
A69-1601-62096,2023-04,VR2Tx-485163,WCO_Johnson's Lee
A69-1601-62096,2023-04,VR2Tx-485668,WCO_Anacapa South
A69-1601-62096,2023-04,VR2Tx-485669,WCO_Anacapa South
A69-1601-62096,2023-04,VR2W-109186,WCO_Scorpion
A69-1601-62096,2023-04,VR2W-110864,WCO_Valley
A69-1601-62096,2023-04,VR2W-112752,WCO_Trailers
A69-1601-62096,2023-04,VR2W-123480,WCO_Winfield Scott
A69-1601-62096,2023-04,VR2W-126022,WCO_Hazards_Profile
A69-1601-62096,2023-04,VR2W-129550,WCO_Tyler Bight
A69-1601-62096,2023-04,VR2W-129793,WCO_Cuyler
A69-1601-62096,2023-04,VR2W-129796,WCO_Cuyler
A69-1601-62096,2023-04,VR2W-130873,WCO_Tyler Bight
A69-1601-62096,2023-04,VR2W-132477,WCO_Trailers
A69-1601-62096,2023-04,VR2W-133753,WCO_MorsePoint
A69-1601-62096,2023-04,VR2W-133758,WCO_Carrington Point
A69-1601-62047,2023-05,VR2Tx-485163,WCO_Johnson's Lee
A69-1601-62096,2023-05,VR2Tx-485669,WCO_SB_10
A69-1601-62096,2023-05,VR2W-110864,WCO_SB_8
A69-1601-62096,2023-05,VR2W-110867,WCO_SB_7
A69-1601-62096,2023-05,VR2W-129793,WCO_SB_9
A69-1601-62096,2023-05,VR2W-130873,WCO_SB_5
A69-1601-62047,2023-06,VR2Tx-485163,WCO_Johnson's Lee
A69-1601-62096,2023-06,VR2Tx-485669,WCO_SB_10
A69-1601-62047,2023-07,VR2Tx-485163,WCO_Johnson's Lee
A69-1601-62096,2023-07,VR2Tx-485669,WCO_SB_10
A69-1601-62047,2023-08,VR2Tx-485163,WCO_Johnson's Lee
A69-1601-62096,2023-08,VR2Tx-485669,WCO_SB_10
A69-1601-62047,2023-09,VR2Tx-485163,WCO_Johnson's Lee
A69-1601-62096,2023-09,VR2Tx-485669,WCO_SB_10
A69-1601-62096,2023-09,VR2W-110864,WCO_SB_8
A69-1601-62096,2023-09,VR2W-110867,WCO_SB_7
A69-1601-62096,2023-09,VR2W-129793,WCO_SB_9
A69-1601-62096,2023-09,VR2W-130873,WCO_SB_5
A69-1601-62096,2023-09,VR2W-132476,SB-10
A69-1601-62047,2023-10,VR2Tx-482803,WCO_Carrington Point
A69-1601-62047,2023-10,VR2Tx-482805,WCO_Carrington Point
A69-1601-62047,2023-10,VR2Tx-482806,WCO_Smugglers
A69-1601-62047,2023-10,VR2Tx-482808,WCO_Pelican
A69-1601-62047,2023-10,VR2Tx-485163,WCO_Johnson's Lee
A69-1601-62047,2023-10,VR2Tx-485668,WCO_Anacapa South
A69-1601-62047,2023-10,VR2W-109181,WCO_Scorpion
A69-1601-62047,2023-10,VR2W-112752,WCO_Trailers
A69-1601-62047,2023-10,VR2W-123480,WCO_Johnson's Lee
A69-1601-62047,2023-10,VR2W-126022,WCO_Hazards_Profile
A69-1601-62047,2023-10,VR2W-127858,WCO_MorsePoint
A69-1601-62047,2023-10,VR2W-129550,WCO_Tyler Bight
A69-1601-62047,2023-10,VR2W-129796,WCO_Cuyler
A69-1601-62047,2023-10,VR2W-130873,WCO_Trailers
A69-1601-62047,2023-10,VR2W-133753,WCO_MorsePoint
A69-1601-62096,2023-10,VR2Tx-482805,WCO_Carrington Point
A69-1601-62096,2023-10,VR2Tx-482806,WCO_Smugglers
A69-1601-62096,2023-10,VR2Tx-485668,WCO_Anacapa South
A69-1601-62096,2023-10,VR2Tx-485669,WCO_SB_10
A69-1601-62096,2023-10,VR2W-109186,WCO_Valley
A69-1601-62096,2023-10,VR2W-110862,WCO_Winfield Scott
A69-1601-62096,2023-10,VR2W-110864,WCO_SB_8
A69-1601-62096,2023-10,VR2W-110867,WCO_SB_7
A69-1601-62096,2023-10,VR2W-120103,WCO_Valley
A69-1601-62096,2023-10,VR2W-123480,WCO_Johnson's Lee
A69-1601-62096,2023-10,VR2W-129793,WCO_SB_9
A69-1601-62096,2023-10,VR2W-130873,WCO_SB_5
A69-1601-62096,2023-10,VR2W-132477,WCO_Hazards_Profile
A69-1601-62096,2023-10,VR2W-133753,WCO_MorsePoint
A69-1601-62096,2023-10,VR2W-133758,WCO_Smugglers
A69-1601-62096,2023-11,VR2Tx-485669,WCO_Scorpion
A69-1601-62096,2023-12,VR2Tx-485669,WCO_Scorpion
A69-1602-54055,2023-12,VR2W-110867,WCO_Pelican
A69-1601-62096,2024-01,VR2Tx-485669,WCO_Scorpion
A69-1601-62096,2024-02,VR2Tx-485669,WCO_Scorpion
A69-1601-62096,2024-03,VR2Tx-485669,WCO_Scorpion
A69-9001-64475,2024-03,VR2Tx-482805,WCO_Carrington Point
A69-1601-62047,2024-04,VR2W-110862,WCO_Winfield Scott
A69-1601-62096,2024-04,VR2Tx-485669,WCO_Scorpion
A69-1601-62096,2024-05,VR2Tx-485669,WCO_Scorpion
A69-1601-62096,2024-05,VR2W-120103,WCO_Tyler Bight
A69-1601-62096,2024-05,VR2W-123480,WCO_Johnson's Lee
A69-1601-62096,2024-05,VR2W-129793,WCO_Cuyler
A69-1601-62096,2024-05,VR2W-132477,WCO_Hazards_Profile
A69-1601-62505,2024-05,VR2Tx-482805,WCO_Carrington Point
A69-1601-62505,2024-05,VR2W-109186,WCO_Valley
A69-1601-62505,2024-05,VR2W-110862,WCO_Winfield Scott
A69-1601-62505,2024-05,VR2W-110864,WCO_Anacapa South
A69-1601-62505,2024-05,VR2W-110867,WCO_Pelican
A69-1601-62505,2024-05,VR2W-120103,WCO_Tyler Bight
A69-1601-62505,2024-05,VR2W-130873,WCO_Trailers
A69-1601-62505,2024-05,VR2W-133753,WCO_MorsePoint
